b0957,45.2786806400600
b0929,42.1730870993062
b1480,38.3514845078393
b3299,29.2014561609957
b2093,36.7784365992076
b2092,38.6492411695816
b3300,27.1764305623818
b0953,33.6973558671020
b0728,30.5472609397503
b1419,37.4875795125594
b3342,27.1982948773445
b3319,25.7715861668150
b3307,10.5362784906759
b1415,37.6520036298188
b2095,36.4894247981017
b3737,24.9429255800668
b4015,31.5254203313633
b3308,27.4688208618942
b1088,26.6229936213066
b4014,30.7625214756751
b0169,24.8913688014468
b0598,33.3633184675486
b3985,19.9018609748509
b0565,24.8106909987914
b3321,20.6709326557149
b2094,27.1899469983696
b0880,34.1131998517761
b1677,27.0833153489478
b1717,25.7079655410998
b3185,20.7693421417479
b0553,27.0312598209491
b2224,16.5722454497950
b3297,23.6831011727705
b3296,22.7297132513843
b3340,26.3615503130002
b0419,8.11659989452854
b3734,26.3729454937200
b2597,24.0819214280098
b0862,22.0406179365411
b2608,22.4080835581888
b3306,22.0789844166589
b2530,22.6810434538691
b3986,16.9930497247381
b3310,18.4339231218355
b0440,23.5178536758670
b0406,23.3164768936942
b3186,19.4835734709035
b3341,20.2522612440086
b2415,18.3357072410902
b3339,22.1241277047949
b4200,19.3813771063999
b3460,24.0070892583657
b0259,23.8890278561135
b4201,19.6666731185793
b3312,19.4170920223330
b1713,26.1656852522281
b3315,19.7154567712398
b3316,20.4134775335655
b2741,25.0272697589138
b0741,22.5200706832235
b1093,26.0635794085860
b4171,20.4810062008307
b1094,21.8911808744505
b3320,16.5759766080547
b3318,20.0493921762651
b2019,16.0794452480360
b1994,19.9021964905187
b3739,16.9782102269620
b0812,23.7414765893357
b0720,7.13072046948544
b1261,15.7910118311150
b1818,8.00057068349623
b2416,21.0060991781773
b0881,20.3671154310141
b1778,23.4492929823366
b3368,17.5347145951424
b2285,21.0160764111753
b3908,19.1026391702053
b2281,18.7552151975567
b0072,22.1132428487410
b1136,21.1211627775200
b2215,22.0527144022785
b3195,16.8018028127158
b2091,26.5221831634564
b3309,19.5896371992159
b1004,20.2875538455655
b3295,17.5318562724858
b3302,17.5682483576214
b2607,20.5295319988794
b3735,19.3585976793343
b4143,16.0973932713184
b1817,19.0969350004926
b2601,20.9093679755414
b2587,21.8917216997298
b0177,19.3539612695899
b0073,18.9562384005228
b3304,15.3337194988194
b1719,6.49944424566039
b3984,15.2631215743401
b2414,18.1488391913440
b3303,7.21812022341490
b2096,19.1216190611106
b2925,14.2600822445208
b0431,15.2878925241095
b4142,6.69545340580439
b2742,20.7211498213730
b0126,12.3796652305760
b0811,21.6350084023771
b0904,17.8427983294709
b1092,17.4456372134257
b3983,15.4706950732613
b1006,13.9915092241537
b0911,15.7063038939252
b1716,16.4308115079447
b0071,18.6195788831268
b1101,20.5520639113949
b4172,18.3453830318987
b3733,18.5308553771258
b1002,22.7909070469469
b1051,17.6984120088091
b3314,15.2912305610782
b0740,6.67297061029707
b1718,17.4725144927669
b0004,16.7451027674543
b0449,14.8120050194981
b0755,13.5420378646973
b3509,18.4878824302342
b1712,18.4618508117541
b0118,20.0118610368572
b2280,15.4800707180252
b2572,17.7408303597402
b1824,16.4362737225626
b3403,17.6990705110088
b4177,13.0288154541050
b0723,18.0031106247006
b1739,18.4788762834306
b4189,24.6206977953936
b1237,15.1605750972217
b3202,17.4929958094985
b3097,15.1087236699082
b1205,23.2365234914949
b3284,17.1020686975327
b1920,16.4033125368769
b0679,16.1582641597095
b4252,17.7674524296575
b3736,16.8002702680266
b4069,19.1961334824482
b1714,15.6764944923281
b2426,18.3709125687111
b2286,15.7233850811866
b0726,15.1535692958762
b1777,18.2182997201744
b4174,13.6172941406336
b3294,12.8431649705084
b1324,13.6622547622090
b0912,14.3904758146860
b3317,16.1320631516335
b3527,7.20951483673593
b2999,16.1294838767212
b0432,13.9426277454089
b4206,13.4915794339948
b2309,15.0490892524255
b1823,12.8492140597451
b1243,11.8496815243148
b0727,15.8732968474197
b2659,9.51606463678494
b3738,16.3734819200918
b2927,12.4381040993145
b3418,13.9126936990817
b4173,12.4595555582881
b1603,15.6974805485670
b2284,14.9736487502623
b0180,13.4666107360403
b2288,13.8329313826535
b2185,11.7127017776686
b0471,11.8487805004814
b0882,14.7422877317908
b0605,14.4341868427262
b3510,14.5970047214674
b4245,12.0166108071169
b2609,13.1554541570855
b2417,12.7797465906232
b0430,14.4087019943847
b0924,12.4035766208255
b0146,17.0292964683036
b2113,10.5142032279999
b2779,11.6557055741770
b3336,16.8414885918445
b0429,14.7208319231291
b3637,3.56476640277996
b3305,5.42894417175683
b3255,9.44171592121311
b3231,11.2699711486840
b0884,10.6093101582540
b3782,11.2228598289383
b0926,12.8450549263890
b3313,14.9750210586576
b2282,14.6690271411541
b1276,15.7329515751951
b3942,11.4173742603824
b1967,13.6689301012825
b0116,12.7734647027787
b3349,9.50100190718808
b2599,14.1595497339194
b2529,12.1793006847907
b0729,5.01290930865097
b0003,13.5875376168292
b1152,7.69895844082763
b2310,14.0131515739446
b2809,15.6983694980796
b0198,13.1058377271236
b2696,14.9829078922606
b0095,12.8699122945704
b3936,10.1451414614285
b0722,13.0408916724575
b1197,11.6151249918848
b3829,8.85365833738302
b2029,8.35046497566424
b4202,11.9258881679856
b2926,12.7076801789756
b2752,9.65366666476262
b3301,5.62615330853205
b3212,9.77538373649245
b0094,12.8688284484183
b2513,11.0912802707303
b2050,8.71952059926518
b4212,6.98582445528241
b1048,11.1306261169565
b3430,12.2462615761660
b2573,14.1535817596212
b1440,13.4363024636308
b3963,12.0610059538381
b3570,14.2530046830483
b3433,9.31960995075314
b3169,11.6839683875815
b2323,10.3432313702025
b1761,9.76342342177923
b3636,8.06859020832098
b2283,11.8924950549125
b0329,14.2962410568068
b1779,8.57496277036825
b3994,9.57064847780989
b4376,9.23732807499607
b0810,13.2283655711841
b4068,14.4511405512801
b0032,9.36495301457448
b0074,11.8190810448042
b3767,12.7263218464107
b0054,12.6909281310876
b1724,10.6871113728562
b0863,11.5638735652694
b1124,13.4418895260886
b3981,8.97178184369697
b2751,8.93403864157553
b1199,7.63235205869579
b4188,15.7979273301126
b2977,4.55133985020876
b2013,9.99036827582598
b4244,8.89484635456409
b2909,9.15105959738511
b1641,4.37534293309670
b4036,12.6196242700288
b3236,10.8706455793991
b0014,10.6179761550351
b3209,8.56894157946851
b0220,8.50308469091020
b3291,11.4420708587680
b1810,9.51227051798733
b3528,12.9041001553141
b0721,4.32856627508462
b2289,11.1201515119494
b0623,12.6780901434426
b0724,1.85027809175411
b1283,10.6485778869211
b2697,9.35511899258584
b0573,8.84940691176949
b3708,12.5500463459806
b2341,13.1143009269117
b0346,12.7140586221452
b3213,9.31575645739847
b3207,11.6508027218689
b0170,9.93247533993453
b4067,13.1811907436183
b0734,10.9663787792557
b0733,10.5262946345729
b2595,8.78219592030099
b3588,10.5385453988584
b2322,8.09440560681763
b3049,9.20192161279040
b2022,6.64732510139291
b0179,9.30824284821829
b4340,6.54057207494728
b1175,10.1167337268090
b0928,8.32545682270620
b0659,9.53579300643130
b3298,8.76006648389491
b3959,5.49918811047084
b1064,10.3651065132860
b4382,6.64732364014779
b0114,10.4202742625618
b4019,7.64818364081123
b1259,9.55772217465853
b3656,4.39164551759460
b2528,3.47558118734403
b4203,6.83138709018551
b3164,10.1194636117784
b3389,9.27268937489973
b2688,8.59883681106699
b4000,8.58993126287233
b2029,10.4289687379193
b0134,8.11734527559395
b0470,9.32959145858925
b1583,7.48839552822281
b0093,10.5076534646895
b3703,7.17099744598839
b3610,8.94818909049507
b1223,6.61047402660985
b2329,10.5006467253356
b2665,10.4284178752050
b2521,10.4781150297874
b1831,7.08210747719814
b0075,8.89623083724454
b0814,7.56542978760387
b3836,8.68824524247576
b2277,10.3907765782575
b1207,8.36082358218993
b2036,10.2618734752030
b2891,7.34078574767698
b3649,7.02622355833695
b3098,9.25504553263406
b0683,8.77030134087323
b0754,4.49310016646221
b0002,8.28419793953822
b1260,5.88593666006412
b3175,6.60762838496158
b1107,9.62058703558575
b2464,9.03536123769519
b2762,10.7623435457111
b4314,6.73861843429102
b1443,11.7690384776642
b2499,5.10863011429083
b2557,7.22708463146100
b3915,8.19112840347702
b4259,6.82744367525106
b3203,8.39484788040639
b2672,9.92118169175907
b3178,9.07475357624319
b0176,10.0765817197618
b3067,7.85179139346411
b4226,6.68310785993603
b0923,8.82637859604443
b4227,8.61813230632852
b3929,6.44920947812655
b0089,8.23414362206983
b1003,7.71975393709576
b4176,6.67432032858869
b2514,8.20963810533660
b1305,7.58466832956484
b3204,8.26573734737318
b3919,7.14485126612383
b3311,7.32758728091561
b1897,8.54257959650486
b1176,8.25072164351837
b1104,8.02427992101749
b2661,8.50413706284292
b0907,5.30458601881291
b2898,6.66025134730990
b0655,8.83972769007897
b1642,8.03344999941977
b0474,7.14303332096186
b0096,8.33801757913757
b3992,6.99318450484933
b1100,11.1454262939834
b2025,6.09515967501597
b4139,8.75054087465369
b3517,8.69083697568297
b0954,7.19760095720865
b3357,8.06486524149334
b3795,9.10658173322102
b3987,6.88182469409666
b2149,9.49402925748150
b3200,7.37297971942347
b0910,6.94021758291563
b0019,9.33058685782325
b1298,9.88769305269823
b1819,9.47125555405571
b3732,8.91111404580534
b2959,7.15462210126843
b1732,9.13697333943389
b1664,8.54621360502286
b1103,7.87252099465587
b0854,9.45122640399085
b2294,6.16505339932056
b2040,8.20774646940067
b3804,8.24368203765254
b1174,8.39586563591661
b3730,6.46443821059824
b3170,7.56686799698730
b1619,8.05686199458376
b3598,5.24932276179074
b2009,8.12544196279789
b3179,8.71032370314800
b1208,7.22257037466825
b2425,6.79108590589104
b3431,8.51552060125591
b0078,7.75092010209318
b1263,5.39273303496443
b0057,8.17377903232541
b2660,8.17154214076059
b0181,7.10134345706030
b0864,7.66709533261854
b4255,5.40661704421831
b3421,4.78431786472350
b3993,6.03018038058612
b0145,8.40093352309162
b1482,8.24669301229761
b2216,6.66315483105988
b2303,6.35617508719915
b1614,7.62145089630053
b1091,7.89427185382740
b1866,7.26513636288239
b0572,5.96143986253916
b4051,7.00045736072950
b3731,8.44953872164100
b0409,8.98528158529296
b2525,6.16879332860185
b1667,8.33264037941234
b1865,7.33593492819517
b0753,9.42410516109189
b0506,8.82229554089819
b3251,5.94988755441062
b1736,4.49555143501071
b2344,9.12838441242717
b1651,6.24324226482157
b3414,6.58287334615274
b1478,8.69411184289135
b2477,5.53882799956109
b1376,9.87179404226101
b0025,6.36754487182581
b1783,7.49295773144295
b3386,4.60727128003865
b1852,6.77030218704337
b3781,6.04771805387243
b1656,7.70617650748194
b3956,5.31512672843484
b0897,3.44263595310115
b1130,7.63099385477868
b3846,7.77809980526672
b2745,7.09001457356562
b0097,7.29779795485691
b4216,8.57626505542886
b3464,5.95040387395142
b1333,7.58913188578604
b3362,7.76704176979269
b1710,6.25359753392393
b2531,6.20676612549119
b3033,7.33006590415815
b0077,6.90288254802458
b0033,7.98841542389238
b1241,4.92659413560929
b3287,7.06248876963362
b3494,1.46687202922967
b2946,2.48320124170507
b1262,4.63055920043730
b3847,6.23969119107551
b2978,8.17285023394948
b1957,7.97500169861341
b2007,5.83729098572448
b0416,5.12506142393687
b3192,7.32147418981000
b0023,3.82376304147606
b4107,6.77660712233708
b2423,7.71652044162763
b3932,5.58127303781487
b2181,7.47487106079527
b1444,9.45344932880451
b3859,5.70549850557667
b3648,6.04626708359114
b0171,6.58992520987995
b4384,5.26201512609220
b3774,5.39804816116079
b2887,5.49928946094432
b3429,5.49478850018560
b2020,4.67411692182733
b3958,4.19715034136294
b0115,7.33407612575007
b3399,6.62669035959477
b1089,7.38708318822232
b2105,6.00409561637204
b2764,6.55169286764245
b0852,4.79200726930486
b1288,5.56514640376761
b4035,3.63273255115446
b2463,7.99269922380330
b4039,6.59064674009969
b1267,5.20611144189226
b0711,6.46307188801635
b4127,6.53270270514800
b0331,9.14038466065615
b3035,5.90065014057743
b1681,6.11460963039945
b0680,4.66537547615310
b1929,4.73799646087250
b3770,4.27986324135423
b0708,6.17882826618606
b4126,6.37243451219723
b3922,5.96946885544386
b2821,7.08829166122950
b3988,6.46835740052293
b1612,7.21375607736813
b2890,5.57867557053794
b2317,6.05722818883352
b1056,6.68718868991815
b2278,7.71898641974440
b3405,6.85985454070616
b3990,6.02052031068358
b2041,2.78816949260834
b2942,4.55518003306967
b1256,6.29804328379302
b1132,4.63173468417882
b1857,5.65935155742991
b2279,6.28731454064303
b2422,6.54963615419456
b1864,6.21649793097001
b0082,6.48248904408219
b1765,6.57866571183492
b3387,5.70605460502884
b0955,6.38883697743935
b0783,5.37014320722657
b3769,4.75894447506620
b1550,4.43350187884909
b4373,5.93536270398189
b1901,6.78253524631086
b3260,2.46633898358083
b0237,5.80182980688942
b0643,6.33959920463168
b0240,6.25169213515044
b0710,5.82185021141311
b1635,2.53416433052590
b3870,5.06577431961518
b0809,6.77089967926913
b3572,5.17981284021497
b2133,7.00300795865722
b4258,5.12701747267207
b3670,6.52023661854772
b3934,6.49814969585227
b3351,4.54108903974010
b4056,6.53472342196692
b0226,6.69728820339622
b0460,3.84862601744641
b1851,5.37408580221069
b2033,6.65956297706480
b3163,5.62691163921179
b3611,5.03146839376982
b2763,7.43223041502163
b2032,6.13976070168441
b0050,5.76550275265961
b3560,4.46112460181896
b1992,5.29278065367970
b1304,4.34821052614248
b2039,5.92844665811077
b1955,6.75676099530302
b2913,3.11977863740812
b1203,4.63796428062521
b4037,7.01381799165977
b0931,5.86300341255509
b0411,6.31572028881628
b1108,5.85034934747769
b1090,6.03728208860584
b2935,5.44589367369115
b1264,2.72200977144765
b1426,6.84197339400029
b2518,4.37872153049518
b0742,5.49568885135418
b0688,5.85353660934393
b0428,6.34404301871029
b3190,4.24046125490555
b1325,5.48873986491636
b0631,4.96653121994094
b0839,6.36997261653685
b1661,1.15542703425510
b2037,5.80255743827006
b3052,5.95428668904106
b2976,6.74283052308103
b3885,6.51141458482642
b4222,5.13005708041035
b3805,2.44701209812866
b3666,3.55035072016267
b3261,5.27994273903548
b2526,4.92417866144634
b3671,2.69312250492737
b4367,3.54114793608973
b0677,5.27672251032143
b2551,4.34048848419425
b4154,5.57991208666652
b4225,4.29711584960544
b4381,3.00014221710203
b0184,5.40867481241184
b0389,5.82860574581606
b0166,5.23031189708908
b1740,4.60846656374063
b3191,6.10192213070043
b3883,4.24147657017183
b3390,4.86354825433010
b1836,5.67350726580056
b1847,5.42596780141021
b3559,5.02414673881960
b2918,5.37851513466787
b0658,5.23142557285714
b1853,4.82293890091401
b2259,6.41929587627328
b2584,7.76243300908668
b3456,5.28562614875257
b3198,5.61920968790838
b0197,5.54876898654063
b3167,5.53666861072865
b0413,4.79185567407828
b0407,4.83266000024912
b0756,5.34013053001501
b0970,4.66986064810474
b3931,4.30072547435883
b3065,4.01073904921673
b0212,6.08152841556702
b0149,5.16519759964530
b3639,4.04182378778237
b4235,4.18416813259033
b2231,5.64143916151303
b4315,3.58409801832890
b3024,6.13093721004122
b2610,5.11654466997351
b0525,4.19373114297618
b1057,5.83765106163331
b0388,5.41877971987455
b3741,3.67366251099480
b2494,4.65182758341163
b3199,2.07455173872822
b3982,0.890421473650351
b2191,5.49400689411480
b2780,4.05892813277514
b0865,6.02299193078377
b0927,4.86808012569014
b2960,4.51979157572846
b4305,6.86665633299804
b3037,4.42916989866054
b2537,5.51380594322562
b1297,6.31644035926673
b2507,4.35069343772228
b3053,5.08283862329600
b1190,5.66576667564026
b1829,5.71265861768764
b3541,5.35976916881106
b2624,0.985692352003703
b1678,5.35478791704751
b0382,5.45384746520419
b0435,6.36635720028985
b3293,5.17705662452513
b3455,5.83908535070759
b3253,5.07778479973067
b3794,3.87453299070195
b3073,5.97429230187863
b0336,4.65400996485534
b2351,3.63925568020339
b3044,4.79317737110629
b0438,4.95336529935602
b3863,5.06566784523930
b3556,1.69730952356087
b0081,4.58265400168867
b1034,4.75287369204072
b3844,5.07290357379862
b2021,3.67897885696563
b0889,5.35329233988138
b3388,4.68227606491374
b2393,4.78724674719381
b0772,4.81248201424403
b4140,2.40612097050223
b1129,5.10815499418624
b3495,5.06712167468889
b2175,4.68567043145240
b2235,4.67265739990198
b2388,4.36508920040389
b1308,5.22507281391001
b4170,4.14574825108398
b2828,4.47608534631238
b1066,4.57452333149494
b1896,4.64882283468301
b3054,3.81868755043507
b1033,4.85931043724987
b3506,4.90230458557294
b1976,5.92538062474286
b1826,4.94142765550259
b1005,5.24538379898825
b0902,3.95002734695475
b0921,2.15915268798224
b2016,4.56178143066571
b4254,3.61093865873076
b2287,5.52322828177026
b0001,3.43229360841214
b0951,4.35226848860656
b3816,4.58925878687424
b0757,5.04509057157594
b3337,1.63177618658220
b2027,4.06923906787467
b1878,3.01334706204018
b4175,4.35067613100468
b1795,4.03900206473724
b2104,4.44940688931277
b0908,3.85035589080539
b3991,4.94737002475632
b3283,3.72934210893405
b1702,5.88919882586757
b3230,2.88923480952239
b0191,4.70754548022282
b3165,3.79016859854232
b3860,4.21742258957318
b0112,5.08398488547381
b1492,5.12533586202682
b3845,4.61494011741574
b4179,3.70159183810953
b2400,3.61133047560994
b4401,4.71237765570080
b3103,5.49806681656132
b0334,7.36011330652715
b2662,4.72700140829149
b2424,5.87495951583712
b1195,5.51771927547618
b3803,5.33998043847820
b0439,4.55634782822593
b2744,4.62724536148686
b2000,2.59209067903508
b0200,4.18322139204219
b3068,5.02707764082710
b2151,3.99605763337280
b1676,4.02771570977735
b0987,3.16707391121319
b0801,4.31823885033176
b3941,1.69106993466318
b3866,4.30509044116302
b2602,6.71275486641422
b1764,4.69791292886300
b1015,5.56316210468585
b0178,3.69400810945578
b1809,3.92596140492705
b1481,5.05851018404065
b0242,4.02707821269997
b3638,3.50811898745836
b1189,4.69342440634164
b3742,1.53208504540193
b0121,2.21945273642988
b1118,4.71795575707430
b3780,3.47273129190105
b3928,3.60332849079346
b1420,6.25703510251954
b3704,3.16254910090431
b0878,4.27711341494023
b1060,1.01038046221849
b1120,4.42104624797093
b1246,3.91787685684252
b3766,3.43551379501866
b4135,4.67074210531439
b3843,4.25199621092754
b0196,4.21152578272684
b1416,3.86880820644376
b1908,2.10962773145095
b2630,4.55665893330841
b3926,4.90220049896105
b2901,4.28032689325602
b3783,3.51394457819523
b2962,3.45510496735424
b3359,3.75739871561221
b1840,3.04665590818919
b1564,4.80797911695867
b2034,0.871372780346910
b4246,3.73636992702143
b2953,3.70188025724098
b0660,4.60313881200277
b2914,3.68605671166524
b2783,4.72646130909044
b0350,3.77684812373804
b4055,5.13051237693534
b0968,4.77095489513753
b3440,3.77959846993420
b0192,4.71822592117940
b0369,3.94081124048957
b2512,4.30379133769098
b2585,4.60036840360608
b1953,5.41254114862630
b2511,3.19782752963394
b2017,3.70384480073589
b1538,4.65175525563921
b2785,4.64246407697222
b2592,4.48224829028427
b2330,3.98425503046079
b3725,1.94860943185289
b0163,4.87548483231230
b2524,1.78075280088476
b3249,3.52051644466956
b3916,4.16828864621163
b0866,5.09140190684006
b3729,3.48242990418873
b3448,5.02217095472811
b2899,4.56942673443367
b1919,4.23670562547433
b2479,3.00180754468438
b3407,2.88484921632066
b2014,3.54243452907824
b3038,4.04495011805236
b1266,4.72938088572817
b0120,4.33142017346754
b2432,4.40625892907642
b1133,1.77785739216810
b3622,3.37317273867391
b0593,3.81780680980508
b0273,3.87916329652406
b0415,2.69828555644280
b0850,4.25440350040245
b1086,3.15520343350651
b2689,1.84749788534003
b1930,2.46430613504097
b1209,3.91647560177301
b1248,3.89997193931608
b3150,3.96457895732891
b0414,3.86094517303459
b3619,3.52548528772308
b1035,3.43434300996302
b0836,4.10824544557410
b2097,4.50793558718516
b4144,3.45565717931688
b2908,1.78473782622195
b0829,2.42362218054035
b3184,4.07366863849192
b0738,4.11101132643011
b2147,3.40369516676001
b1584,3.68290427485307
b4167,3.76290800601205
b0890,4.94161398229663
b0408,4.48159580760110
b3913,3.69600359803370
NA,3.76289317713799
b0606,4.07471288688518
b0092,4.85515771394583
b3166,4.12216730694126
b1213,4.08225966335521
b2606,4.12592797348211
b1062,2.79872639174107
b0437,3.35048338119929
b3384,2.73865398755687
b0608,4.49848562889656
b0642,4.15972012579254
b2781,4.30951158138023
b2035,5.47922425530723
b3385,2.58976712645464
b4383,2.52113816138738
b3997,3.40249867571175
b0172,3.80297605217222
NA,3.18395275740234
b2743,3.15627234031031
b3001,4.20548633255411
b2687,3.24024505170143
b0871,3.67908033405545
b2183,1.88614283662729
b3630,3.14855620467429
b0932,4.13177291363868
b1512,5.22065639998595
b0443,5.03026405673888
b0174,4.15708913989865
b2515,3.79465334028189
b1563,4.26960496557412
b3066,4.15225427554760
b3347,2.68675510473195
b1306,3.63530913058082
b1832,3.09884338661001
b2620,2.83228804031066
b1448,3.11330382402043
b2421,3.65265226650262
b2308,4.09351452900493
b4149,4.28463009827860
b0759,3.83244999949532
b0770,1.91523361937980
b0891,3.98294966777643
b0087,4.25626755163602
b0215,2.90270369910657
b0786,4.47817118618012
b4260,3.41104336157549
b0026,4.14068535601917
b0422,3.40750076004656
b3508,3.20736541891576
b2747,3.31810291433718
b2478,3.36224538335661
b3609,3.50432791654338
b1105,3.96236913784877
b3886,4.11073339818974
b0221,4.51923834058729
b2989,4.02194382342030
b2159,3.46716625998525
b2315,3.83669202556567
b2804,3.62285824441957
b0735,1.89270850193488
b1258,3.51043436102537
b1682,3.76613749351710
b1863,2.67080118552536
b0225,2.66572210585034
b3555,3.04403044038044
b1687,3.89950800390343
b0453,3.67553688132358
b0903,3.95274614880549
b1221,3.65730129762987
b1685,2.72495188082259
b3461,3.72508716514338
b4016,3.55824728654902
b0750,3.85447480791738
b2527,2.41997283250822
b3346,3.20875050931872
b3356,3.31392906732560
b2910,3.67030605855477
b3041,2.73246571967814
b1874,4.96036589839012
b1723,3.61413087012353
b2516,1.76633111448331
b2961,2.98968347837842
b0426,3.13826791469694
b3353,3.71422985287175
b0333,5.51269260391750
b3157,4.15488923507078
b2350,2.30130423069534
b0956,3.69661167071346
b3640,3.21743034967233
b3600,2.94379973121630
b1654,3.06050261039508
b1729,3.20107454457998
b0462,4.15023804191792
b2784,4.32182819990450
b0337,2.76119231205209
b3603,3.91156800046695
b1684,3.66353682774775
b4208,4.14099592551389
b1918,3.22119864731628
b1479,4.09916805763821
b1488,4.63735152267792
b2012,3.46625353679763
b4219,3.31996231389851
b0485,3.45929769328418
b0712,3.88597079383439
b0828,3.50234983933784
b1020,3.43664337677712
b3543,3.79244839973641
b2080,4.16019135420700
b0211,4.48237127276685
b0354,3.02084111750931
b3687,4.29200808926127
b1604,3.23346889254831
b4213,3.42748944919495
b2922,3.40881544836412
b4178,3.31784016005053
b3887,3.50680784105982
b0335,5.70473220942498
b2480,2.33247027293040
b1850,2.66208083011102
b4090,3.04966755791503
b3838,2.45172491069635
b2502,2.86000345647704
b3554,3.46997006788690
b2112,4.03223407801757
b3972,2.64467990301057
b4147,2.20008237925377
b3962,3.16209430591026
b2498,2.92259044711391
b1000,3.40581123586509
b1725,3.87835395512728
b0373,3.32211896357950
b0827,3.31491726437025
b3672,3.78279779738051
b2827,1.38364642740733
b1390,2.64625828216562
b1805,4.70479371237543
b2679,3.72216062161368
b1422,3.63227220308762
b2148,4.77382510104465
b1188,4.05325380187330
b2800,4.16691618139987
b2023,2.44155311715096
b2673,2.35556971985867
b2327,3.36486998870764
b1232,2.44468086057364
b3641,2.62731224493984
b1686,3.44332972524507
b0574,1.80307117097484
b4052,2.63661207100531
b0684,3.11613475256095
b0425,2.53188358641477
b0463,3.23950730739869
b0641,3.38548883164052
b0607,3.23016606685862
b2296,3.16811150236495
b0357,3.80657615763684
b2276,3.94237857948597
b3713,2.86919071022711
b4057,2.80729169923226
b0922,3.43155992576908
b2217,3.39826332393760
b1854,3.25200047693405
b3523,2.54048906153706
b4207,2.87895711435797
b1517,5.00570606415464
b3022,3.58846156942522
b3196,2.98555547334922
b0860,1.72180486131690
b3834,2.75368566695582
b1748,4.03304476610079
b0052,3.17078468585560
b0190,3.14926682991908
b3831,3.50890640828474
b3809,2.75776880544566
b0661,3.34797372423984
b4194,2.19446518515960
b0830,3.96027635760840
b2968,2.38706611275867
b2068,1.41945287666754
b4125,3.19261946109970
b1602,3.48810682891440
b0167,3.26002399739717
b0224,2.62318186827247
b1244,2.85013864132352
b3907,4.58693218283829
b1927,3.48373643650597
b3661,2.55213854253804
b0581,4.04931412941846
b0999,3.53113813748883
b0981,2.60131843324652
b1399,4.01390186238620
b2598,2.83357678373309
b0687,3.33439581509121
b0102,3.21672463664327
b4062,3.36477959564677
b1658,2.10315840038391
b3627,3.21669326345105
b3400,3.34927617689149
b1743,3.45723497973988
b3416,3.45269483782234
b2830,2.76291554335631
b0193,2.05902534414191
b0775,2.38514583380379
b2155,3.26189155284387
b2449,3.35028885170613
b1746,2.86971438705037
b1952,3.40484828015208
b1123,3.64796379694900
b3404,3.41617917981703
b3685,3.16584655447428
b0015,3.13002450838917
b2063,3.08535833463477
b0963,3.79694013734213
b1516,4.79416527095695
b2614,3.03589640488226
b1611,3.76134880179475
b0634,3.52911682919189
b1028,2.57132762541796
b0397,2.55928466786266
b3850,2.67075522306604
b3129,3.37295261921838
b1539,3.22208888791064
b1332,2.94300181861022
b2187,2.67435269712686
b3792,2.69365743471630
b4303,3.95022785170254
b1180,3.10414278023373
b2750,2.72186596299945
b2412,3.16023620731288
b0487,2.66874498542038
b3176,3.67254690435662
b3034,3.07529270855060
b3183,3.55099281462513
b2567,2.78385995768339
b0739,2.86062313775398
b2087,0.0146475887640914
b0838,3.13248052912071
b2980,4.04935337389796
b3432,3.30279895268083
b0484,3.26525496492580
b3608,2.84378098617633
b3566,4.04222337033634
b3564,1.69407514251309
b1406,3.38627266199544
b3995,2.93666117075896
b3964,3.18324153895730
b1709,2.63406654687661
b2805,2.78426442591487
b4403,3.11958339482937
b2683,2.75795195745867
b2666,3.73447270423257
b0123,2.79874332062095
b2465,2.75407761941789
b1050,3.22708276183303
b3939,2.53603450857140
b2018,2.51055285812363
b3752,2.87381324065534
b3087,3.38059366814503
b0637,2.34427729368523
b0466,3.00219308006786
b3616,2.76757352500332
NA,3.34594046310221
b1449,3.29411750819325
b2532,2.61384973406426
b2571,2.90416756840519
b0628,2.96631896771792
b2594,3.16314902605399
b4352,2.14216968870504
b2065,2.55499619088557
b3345,2.49789794175960
b3862,0.246752890025644
b2554,2.80597898541948
b1018,2.58592466462585
b0059,3.21323307431357
b3005,2.04086382519018
b0915,2.09060155000181
b1265,0.913461419591096
b0678,3.67101784301559
b3848,2.66655517776227
b1629,2.81559740049755
b2954,2.16750203521333
b0402,3.30671683891883
b2952,2.54857543804448
b2382,0.939672332824088
b2342,3.61441751461385
b3833,2.62074578942039
b3628,2.52519307394335
b3493,2.90575178819289
b3724,3.06455400055097
b3247,2.60759291689081
b2086,3.31725263179956
b1067,2.80696198200909
b0958,2.57350130062896
b3542,1.26194061318949
b3938,2.33215286450633
b0640,2.34209194647191
b2156,2.83021838964529
b3516,2.36991703946794
b3540,2.79239597210148
b3912,3.13191117967377
b3148,2.59164812800650
b1245,2.24346660307196
b2103,2.90592743519531
b3012,3.17643238818943
b3168,2.84755111294016
b2471,2.75831601906563
b1400,3.60857772097857
b3692,1.93544464029076
b1990,3.52542271784875
b3081,3.64240706270997
b2699,2.29471921159171
b1279,3.41094276404571
b0434,2.37803027317463
b2501,2.64141788835512
b1922,1.07164604894200
b3114,2.37481821046809
b3193,2.79898249885417
b3512,2.51382179550242
b2497,1.93773642820577
b3458,2.75458196821528
b1841,1.87914993366593
b1084,3.46945197084493
b3454,2.92636912907590
b2564,2.41507833043980
b0150,2.80247682783566
b2948,2.52082955946683
b4153,2.97754395759806
b0188,2.43342848880841
b2500,1.75656199869827
b2979,3.13860693400726
b3617,3.03113310126038
b2566,2.95230918658976
b3633,2.47961752100292
b0325,1.52374425251905
b3820,2.72869749799983
b0930,2.86843952298193
NA,2.92923173859975
b4242,2.61545787342450
b3229,2.26039301503377
b3498,2.45222212042344
b1706,0.712142528336185
b4152,2.73278021596164
b2038,0.608919246537016
b4161,2.24550201278031
b0483,2.71299120883496
b0091,2.90091465799438
b1767,2.39003905729831
b2266,0.147862898598030
b0156,2.45987436481457
b1187,2.87141043195735
b1982,2.52250263428443
b2026,1.92302920711884
b3650,2.18594334672230
b2475,2.81047177480477
b3750,2.90891547305507
b2075,1.85782789407247
b1216,0.858424508163744
b1586,3.48563036149953
b4160,2.03417939149680
b1431,2.80978259822786
b3197,2.47458908987559
b4353,2.21249016368475
b4045,2.87018059191252
b1582,0.897262145550323
b0469,2.08077788383437
b0186,3.00335926333607
b3032,2.73292886253722
b3927,1.55040462981857
b1418,1.09636334362510
b1282,2.20648053059605
b0480,3.01298046630528
b3714,2.11113072785132
b0725,3.00117488872732
b1498,3.62236606952989
b2795,2.70410015036030
b2135,0.310977509021145
b0053,3.05782881810532
b1106,2.66554490649719
b1768,2.22240766468775
b4162,2.18835830650475
b0674,2.29834727349660
b0110,1.37099079330462
b0384,3.40297966461105
b0851,2.68525310268800
b3256,2.31621729155260
b0791,3.75079942940069
b1215,2.62112844231850
b0280,3.00426996927807
b0965,2.87484480832375
b0886,3.06930544686931
b0898,3.47968993464109
b3910,1.96632817377044
b0418,2.95042274424112
b1703,2.61471777157569
b4362,1.83799328869240
b3957,2.14781196938260
b3771,2.16019904205356
b3712,2.66703240792442
b1578,2.53105015457582
b1131,2.80340083062653
b2700,1.97190584097980
b0458,1.92363728277248
b0222,1.53764199732318
b1519,3.30101708681598
b3205,1.27870016657321
b3811,1.09418480349556
b1179,2.50405164904229
b1518,4.03244457982602
b2306,2.64156652326405
b0870,1.36804339697843
b1782,2.56722331688308
b1637,2.31276642456436
b0454,2.57298920550239
b0654,3.21475898054388
b0785,2.43155327285183
b0676,2.67431370001950
b0125,2.08314566449435
b2024,1.75264542983970
b1441,1.61892609767988
b2834,2.21954722366405
b2807,2.25767734966358
b0894,2.10862306238734
b1738,2.79502554953371
b1917,2.41605880132957
b3029,2.49748602394142
b0103,2.27418373061943
b0127,2.62326871315812
b3257,1.67655752883320
b4006,1.60682595588069
b2318,2.52841649260242
b3511,2.42612724645050
b3028,2.45510283427480
b1693,2.08010406051928
b1912,2.19722205816617
b3282,2.01960473294403
b0489,3.14394972032149
b0557,1.84591306695481
b0444,2.38096492908573
b0949,2.75428771777615
b4261,2.40680722245763
b0917,2.24379512700044
b2748,2.14422325324611
b2114,2.64122076492159
b1562,2.84130371552207
b3201,2.50620048630748
b1958,2.71226085433493
NA,2.62670923479051
b2411,2.29974065895298
b1683,2.19086196227905
b0307,3.32931737082236
b1679,2.67840967035864
b1855,2.28009481460911
b1307,2.20541134929602
b0529,1.67126430285248
b0465,2.85695487472383
b3631,2.67286927751477
b1345,1.87322740388970
b2153,1.64375057402891
b2008,2.59297444959038
b2924,1.45866520484461
b2553,2.21934927143059
b2907,2.16890634270545
b3279,2.11960414061740
b1807,1.95804359271766
b1541,1.66533858039988
b1799,2.91211371972173
b4064,2.08825687553513
b1252,1.83931631339931
b4032,3.43732397598274
b3535,2.26195785411010
b3623,2.91298863880340
b1837,3.05323381692295
b2938,1.04178001501044
b2619,1.58199799616018
b0893,2.39079543175371
b2556,2.36646457008735
b3700,0.980955190991999
b2168,2.90338779467760
b0394,2.72224724093398
b4359,2.28356387331897
b1993,2.34844198208261
b3181,0.535657945767591
b1638,1.92967498517488
b2905,2.08397953561458
b2535,3.50394366224236
b0472,1.78103717839042
b2958,2.15079727980083
b3189,2.45341923517700
b3706,2.08485615788903
b4243,2.14411602232010
b1134,2.05313654951762
b1286,2.19539627959971
b3396,2.81472717470868
b1061,1.96198456630179
b2904,2.56363112940767
b1921,0.842174728891811
b1825,2.01087537915777
b0027,2.71941855790679
b0737,2.27291986799150
b4109,0.560808261344949
b3447,2.46857879683577
b0162,3.12004791283188
b0767,1.21217699795755
NA,3.89823350660470
b1536,2.45718141112925
b3088,2.23295399160251
b0243,2.33825828014878
b3417,2.17530024621673
b1127,2.68169962530732
b2418,2.03490534054636
b3348,2.60347055466301
b1293,1.96508606280808
b3288,2.23594471506641
b4059,2.55759875856309
b1450,2.62996580985725
b0143,2.27358256144143
b1236,2.29480584013682
b4224,2.61543280663248
b0675,2.08435630500368
b0380,3.32793987231466
b3361,2.45509920066928
b3830,1.97995135760421
b3726,2.10811995050202
NA,2.19325840108271
b4217,2.64889156882398
b3424,1.66437722691704
b1126,2.18720969612316
b1274,2.79834889529264
b3040,2.41558707339259
b2523,2.57685356924693
b2495,1.87149747789769
b1178,2.94054093693802
b2735,0.916058525389994
b0084,2.83225189962937
b2377,2.81145447199489
b3888,2.29886696260409
b0441,2.40175887722697
b0044,0.483023173248935
b1045,2.58238754384683
b1827,2.31141706321830
b1087,2.18901729447641
b4040,2.17040894711036
b0060,2.45801275628777
b1110,2.52679870828394
b4054,1.96533505653429
b1235,2.56201255853491
b0855,2.54837671344109
b1784,2.38101995618074
b3354,2.15820714203444
b1647,2.61405423931459
b4349,1.51932284521627
b1278,3.18993415133685
b1049,0.710776845653358
b0494,2.66708994197513
b2746,2.14190846868180
b0436,2.55653401167918
b4033,3.20707958725614
b0287,1.81642543743505
b0803,3.08560326223678
b4214,1.08996849300975
b2896,1.90920814156539
b1839,1.51485138111226
b0356,2.58028278575531
b2782,2.20536001974936
b1369,2.25261453812098
b4136,2.17459957290303
b3375,2.04456891590665
b0853,2.04256604939454
b3463,2.12292664494070
b0857,1.91941730249674
b1095,2.48064012841183
b4168,2.10790092593118
b3252,2.54279652622674
b4269,1.10043685149857
b3835,2.36933750508255
b4025,2.29612868182277
b0820,2.16103052265246
b4221,2.16902118809443
b0318,2.49512101984962
b0260,1.23903206688757
b2408,2.52644071749382
b2813,1.87259477516482
b2326,2.18926576000132
b0892,2.50063221897836
b0800,2.27575531057557
b4271,2.35682916017288
b4023,1.70727228203019
b2833,2.74472206660059
b2889,2.80732574589966
b1811,1.76013331754944
b1613,2.10461992401420
b2580,1.71325673230539
b1383,2.53773599563895
b3871,1.43401634595317
b3534,1.82993825784029
b1905,1.83916068850866
b3188,1.79182931298901
b3749,1.92171347678881
b0516,2.46626041277621
b2307,2.37447771647157
b0918,1.88878761917158
b0199,1.92208467294850
b2983,1.92014033097121
b1323,2.30500217586875
b1177,2.43269115786095
b3244,1.80903554383082
b2617,1.96860856908707
b4360,1.30096159114567
b3500,2.22510370902523
b3940,1.79513421894479
b0983,1.44549046665814
b1842,1.90443445080092
b1848,1.90771103987377
b0925,2.12561246901714
b0977,1.35374394811564
b3705,2.26911004009662
b0086,2.11684922658573
b2300,1.89869895106087
b0575,2.30046164400130
b0636,1.49519126447551
b3487,2.44460438027943
b0867,2.51412190789000
b3748,1.92978697790821
b2600,1.74807578075236
b3602,1.25950936323101
b3160,2.00129072645389
b1876,2.01257756593594
b2042,1.24467161219537
b0405,1.86201231957002
b0009,2.29174506943725
b3350,2.03405435143879
b2684,1.86611094945465
b2320,1.75683317694974
b4180,0.851941568358325
b0633,2.12461975568741
b2618,1.47102722863799
b0914,2.52538075434107
b4232,1.86351529302964
b1533,1.60352970123185
b2331,1.98666956432258
b2312,1.61589650734473
b4108,1.88791821738805
b2476,1.41274509964590
b3772,1.88547229600801
b0662,2.34097454145531
b1646,2.54347630122354
b1024,2.98180431423533
b2540,1.60334972939455
b2265,2.04611532711634
b0490,1.85789629057176
b1830,2.16013030016841
b1214,2.03127471466124
b0478,2.64916798990287
b3180,0.979913808488823
b3632,2.21631458176061
b4220,2.04886151536747
b0888,1.84463370899884
b1294,1.10761259684711
b1398,2.73871869173463
b1219,1.20666652031482
b0653,2.56777197510765
b3008,2.44354058714313
b0795,2.32826307066267
b2180,2.24883477877606
b0194,2.05863972806342
b4029,1.69695876531763
b3438,2.00442464699103
b1869,2.05623520240289
b2877,3.30954768915278
b2576,1.99322205322935
NA,2.02724975313208
b0386,2.01089904374045
b0098,2.55942944929770
b0128,2.18220077914621
b1234,1.89897786481092
b1165,1.62172458872095
b3030,2.05609881578571
b0493,2.12538038377701
b1446,1.63394400095202
b3151,2.02870741986927
b3457,1.92839810047499
b1380,2.08497598460452
b2569,2.24584261847071
b3006,1.40400409497684
b3604,2.01496578865533
b3355,1.84929200171204
b3128,2.27042380525950
b3408,1.44510847841394
b0946,1.97807427297269
b1059,1.69408803745284
b1185,1.90099676574746
b0456,2.20866688106309
NA,1.69319321251786
b1798,1.64777655654120
b2237,1.97666054571513
b0934,1.67054936368636
b2733,1.88713750805822
b2234,2.06859073367203
b1423,2.51496166037327
b1781,2.31732194731113
b3536,1.70067178210799
b1217,2.04459292463993
b1849,1.32574182731524
b3239,0.497448343269125
b1218,2.12906189052236
b3450,2.29961333471946
b0764,2.04165903039646
b3221,1.98076808669801
b4377,1.61724537671746
b0695,2.46329771927701
b4311,2.44115423481753
b0155,1.94444972659512
b0651,2.09528408066381
b3131,1.62101436808410
b2209,2.13627321666862
b2707,2.03984390688813
b0209,1.94890802387472
b4013,1.83984990132659
b2398,2.03788439367036
b1334,1.03880866087481
b3620,1.75717879725324
b0175,2.39471245626943
b0064,2.43573316329489
b0758,2.02643697458946
b3233,1.52370843980386
b0124,2.03775901267937
b1301,2.30847077223098
NA,2.23102876578295
b2674,1.44052655266763
b1726,1.97684817759953
b0982,2.00933042464455
b0578,1.95146971315423
b1200,2.08567593672714
b1302,2.44439325086929
b3153,1.13034682109873
b2936,2.20173795317295
b1295,1.45603104937548
b1117,1.83044036314989
b4197,0.816351453176515
b2304,1.99823977201060
b0185,2.10497562582097
b4022,1.49747501390325
b2559,1.31441571021515
b4361,1.38134593801224
b3243,1.42321899616451
b2570,1.82793813298986
b2218,2.02480879273760
b3644,1.48986390944416
b3960,1.75376564983273
b3011,1.52317765868873
b0352,1.83321563095125
b0777,1.96739748502571
b1291,2.16357098533868
b4302,2.15320524259996
b1680,1.97928654315079
b2193,2.17824275031647
b2246,1.90297820932096
b1273,2.10522213430879
b1513,3.14359219908242
b1875,1.75831101352368
b1459,1.00350303649681
b1566,0.311118900143463
b0306,2.31779494644079
b1280,2.05093847412680
b1692,1.61713678020052
b0831,2.13866720301331
b2504,1.54704059501433
b0051,1.71131142479184
b2433,1.60885926847125
b3849,0.916358118821337
b3538,1.87693807843059
b2263,1.75031195122160
b3099,2.07118954031481
b2897,1.61641503333810
b2616,1.49998142423743
b2236,0.811999572658108
b3806,1.72332306856717
b0861,2.08812150878756
b4234,0.914258795769864
b1515,2.84987774120762
b0219,1.64100039372867
b1816,1.32765986061343
b2543,2.21953715500051
b1397,2.56049827836009
b3474,2.22699996472662
b0083,1.82892823888832
b2347,2.24674139342170
b1402,1.65281540406093
b1119,2.08676018201761
b0906,2.25418792041615
b2167,1.98411172114771
b3392,1.63156065401434
b0031,1.66838723159819
b3955,1.63943400627694
b2442,1.95861676274003
b4364,0.777522340776898
b1787,1.92617083721081
b1255,2.00586302310594
b4390,1.01289951014750
b3591,1.63525051923607
b3105,1.47367038991789
b1991,1.77192398440299
b1114,2.24124276968295
b1628,1.64163591126476
b2937,1.74174479153499
b2440,2.08030122938342
b0391,2.15575468926657
b2520,1.98281216438842
b2211,1.73704035917665
b1375,2.09679761200672
b0808,2.17876585109138
b1287,1.44479981467066
b0189,1.78903904789580
b2678,1.60282269505831
b1913,1.67837286620203
b2064,1.71894328709506
b0967,1.22125794776975
b0604,0.945309699899817
b1944,0.189991464029602
b2126,1.97474370671083
b1668,2.11213450936076
b1928,1.58649280100431
b3839,1.32997748299161
b0446,2.12647850900389
b3788,1.82928537777486
b2900,1.60827863002879
b0840,1.57988460383769
b0055,1.62106654763637
b1008,1.60083395944805
b1321,2.05203969798226
b2143,1.86243847355927
b0571,1.44516958014638
b4146,1.17225007318685
b2876,2.55180055542153
b0707,1.84246288085859
b1747,2.46236963837030
b3999,1.19070677699231
b1745,2.02711743557815
b1300,1.79168857940740
b1590,0.507183822641300
b0984,1.91152176312223
b2011,1.84300506086286
b1780,1.50880579835523
NA,1.54489707039507
b3019,0.852673055975859
b1204,1.37315379507112
b2474,2.12853345355070
b0148,1.96170613895707
b2508,1.50052446603497
b0239,1.61558231075716
b3462,1.64444702732517
b3793,1.57617159445108
b3281,0.716471771228712
b0281,1.70154746891211
b4372,1.20787814850820
b3764,1.35556440709647
b0799,1.77361292007483
b1742,1.52853123750300
b4038,1.83948144469194
b3621,1.09200977243542
b2340,1.93934317428735
b3426,0.873455273379488
b0784,1.26188321254900
b2434,1.72458388248818
b3194,0.861372267349371
b0781,1.64366651719051
b3248,1.49321950956654
b2332,1.76291340108341
b1914,1.53734400484490
b2253,1.39280632357176
b1007,1.17282140645858
b3363,1.32836090048535
b3228,1.73496973056469
b1356,1.33627510864711
b0173,1.78217082384361
b3812,1.34168217982114
b1771,1.37516426597299
b0377,1.69844376228047
b3894,0.977358395715877
b2131,1.87607804059739
b2144,1.32565961154062
b2793,1.28888755067369
b3629,1.52495802420905
b3434,1.57388824348591
b2893,0.830626438805078
b3453,2.23286274513293
b1257,1.68705295999400
b3210,1.88299932949758
b0423,1.45297067675135
b0627,1.55077494258954
b4187,1.83769218499278
b3548,2.04159946183536
b3810,1.50353629173089
b4392,1.43094008053013
b2701,1.34150615124913
b0978,1.50310139655258
b3618,1.12629671197247
b1820,1.96656721729395
b3605,1.68288885960453
b3486,1.85201596006839
b2078,1.57425222946790
b0195,1.61606501592789
b2171,1.42917935235178
b0582,1.70987689691103
b4329,1.25660899939719
b2436,1.21912892137278
b2546,1.31319027081957
b4295,1.33143376711649
b3381,1.27871642354848
b1432,1.57524858601160
b3292,1.59656249725089
b2262,1.77719598558590
b0421,1.60386726375477
b3100,1.80638154229022
b1708,1.65093991926853
b2261,1.68093225349849
b3923,1.62105955741334
b1894,1.32642407551602
b3965,0.891810991007138
b0030,1.77171309262153
b3002,1.62689479387650
b3125,1.84178033032584
b4021,1.50478387330624
b4238,0.833976442663585
b3626,0.811111474753763
b0646,0.614692064404817
b2875,1.49402663421361
b2668,1.62848467321629
b3550,1.71284053898833
b3778,1.55386179845184
b2749,1.25951294105494
b0008,1.40387975868545
b3893,0.843679844362483
b0088,0.812350871988921
b2015,1.72959947840877
b0765,1.38196451407980
b2066,1.62805763000483
b3821,1.28040441404712
b0144,1.89176088791760
b1763,1.57898577565839
b2803,1.70513832588571
b2965,1.61735263937048
b3036,1.34906168799419
b3697,0.899555235541477
b1800,1.64423522643011
b4328,1.21611830807258
b2522,1.76850048799098
b0905,1.59520794105597
b2082,1.67321905375923
b1856,1.75631251669066
b0639,1.03844999658379
b1559,1.56819365717358
b1036,1.66649520796645
b0005,0.935801721531249
b2267,1.66337721898790
b1640,1.56224201943056
b0599,1.71900234908097
b2947,1.38377228584688
b1116,1.59044893868689
b1143,1.35950921123968
b1016,1.66376826815057
b1250,1.32214460616771
b1594,1.38160524565022
b3688,0.922338503816116
b2829,1.60097224705801
b3746,0.800428850138969
b3537,1.50153663466351
b1063,1.48796131420068
b2462,1.30582681758420
b1870,1.35741894749989
b3237,1.41057717064946
b2939,1.37573600826261
b1394,1.41633292948069
b0129,1.92632407118350
b4159,0.447638527500662
b1125,1.60121485634592
b0065,1.95678370576034
b1055,1.28416165535642
b0773,1.48799241663867
b2628,1.51702310276690
b0168,1.39310070096072
b0887,1.55362051193555
NA,1.56052677695829
b3865,1.26103697177992
b0782,1.54750816237160
b3397,1.27573386909984
b1974,1.67118877355682
b0142,1.47419374406869
b3010,1.26496748507653
b3499,1.33910607824649
b0056,1.55561032215928
b4137,1.30416517263498
b3009,1.54379408653780
b2302,1.57493063579108
b4402,1.73979275520653
b0877,1.49549489582637
b4253,0.892584231253550
b3655,0.713393985330376
b0856,1.67836490636890
b3056,1.44146384223980
b2951,1.40053934876376
b3967,1.24705168376222
b1162,1.51033311909880
b0420,1.74970075125052
b0632,1.44995726445332
b0796,1.01121906872454
b1186,1.65353515626840
b4283,0.413712128514386
b1191,1.32232443866494
b1172,1.52971646719454
b2369,1.13772905428764
b2081,1.59529460609399
b0790,1.77237434840460
b3911,0.732225902956162
b2799,1.81427753528077
b4387,1.37420471160003
b3755,1.29458446218278
b1585,1.72178235275011
b3428,1.72751548090977
b0255,1.60271459181901
b1846,1.64805381309257
b3530,0.864468641074486
b3728,1.36535766794949
b2555,1.50433302878766
b1429,1.62565694885505
b4024,1.06443349166893
b3070,0.629022149565343
b2753,1.10724878673886
b4110,0.436514105643845
b3612,0.926834093384075
b0492,1.40943869116787
b3055,1.49733916588147
b3524,1.29340888762754
b0546,1.60297015727048
b0751,1.81926553587245
b0548,1.07440904815496
b1605,1.72440305435401
b0079,1.37449039354399
b3095,1.36846584842486
b0713,1.38885548733433
b2796,1.32064489938706
b2472,1.66572039195105
b3149,0.734935411124551
b1504,1.17168999292486
b3289,1.43437373321336
b0376,1.51915514199563
b3130,1.57220062599047
b0625,1.58057179462393
b4391,1.34385079138232
b2169,1.52714247168003
b0869,1.31657259574520
b0601,1.61163972548129
b3280,1.07014672629483
b0602,1.20853397066801
b3930,1.19938883327764
b4398,1.57481191284842
b1822,1.29834068397038
b3343,0.741550166043057
b0523,0.402639135315669
b3549,0.665536651943099
b1414,1.58924057795106
b1329,1.83601183604761
b2568,0.841767082689710
b1344,1.28244133878178
b3492,1.37261500711941
b1715,1.43731886060970
b2808,1.19006834934680
b0879,1.67456718711328
b0379,1.91589164204152
b2249,1.20656323182598
b1249,1.54768572272236
b3031,0.532575406071108
b2273,0.195009298290029
b1233,1.02800342402245
b2517,1.55307663845971
b2636,1.11770290201828
b1510,1.78560969214421
b3784,1.40517961637473
b0160,1.52148691678851
b1247,0.300128295176247
b0214,1.22976340053160
b4397,1.29013330403007
b3869,1.31453512989576
b0528,1.07716759941511
b1461,1.51037276732826
b3064,0.555400492711827
NA,1.74371495942492
b2316,1.29810903130440
b0101,0.550038816112843
b1401,1.54335626550478
b3613,1.02317068514269
b3089,1.56611422632597
b3465,1.03922719052632
b2928,1.42490899323092
b1405,1.59583516989087
b1019,1.40490285699674
b3116,1.16793336480027
b4339,1.28829320427658
b2118,1.16181402126545
b4121,0.756068815862410
b1466,1.22599319668760
b2290,1.22339132725381
b3413,1.47089485628570
b1760,0.857158491563288
b1378,1.46443733825301
b1662,1.23052931223078
b1111,1.14076856228871
b4256,1.08995325850164
b0522,1.03384963499839
b2314,1.66521961451484
b1296,1.81170065916194
b0161,1.48526194202674
b3867,1.17555780132856
b1109,1.31166254769688
b4169,1.45655703934285
b1487,1.75517737708006
b0597,1.55861943782736
b0584,1.53983297469948
b3476,0.290522323117189
b0542,0.959434923468033
b3085,1.27460267524160
b3094,1.30579922404419
b0238,0.903105898375303
b1292,1.06413758080136
b3259,1.28015662607902
b3401,1.35838689680585
b2560,1.40525849821579
b0345,0.746471119325855
NA,1.26780984996498
b1663,1.54511626390042
b2792,0.904592689935690
b1530,1.27731263135793
b2295,1.50399155780704
b2631,1.48967720126692
b1454,1.81596323533449
b2895,1.10796544782359
b4248,1.28566679630165
b3607,1.14406487890093
b4119,1.37055630236358
b3996,0.642099774315392
b4233,0.591540359758650
b3427,0.599526011645854
b0468,1.17108080422774
b0579,1.30759442388355
b0991,1.13922959084524
b0551,1.32418065432706
b2319,1.24108028702457
b1270,1.32117200916318
b3147,1.41610275676532
b3842,1.25146928383395
b0122,1.19190798486229
b4075,0.381849870636880
b3042,1.20935558336296
b4231,1.25144863329247
b3924,1.08356606571196
b1099,1.28429950854585
b2949,1.05679682157889
b2352,1.06142576324338
b1537,1.30982622634034
b4196,1.29268340828665
b0410,1.14184698336005
b4041,1.06328927987536
b1871,1.31403955429871
b0966,1.53807379195941
b3059,1.27995313909332
b0760,1.24513717462014
b3441,0.687359425717277
b3660,1.35889055030511
b0550,0.875859122238294
b0788,1.38316278520401
b4267,1.52732819848600
b3395,1.19626453931085
b1508,1.45206549931652
b0104,0.983812503266251
b0028,0.693458516059266
b0736,0.559723002717061
b4388,1.02966240774589
b3409,1.27990743586512
b2190,1.60750785707734
b3268,1.62427428396283
b0473,1.26987411697635
b3727,1.24982988093988
b2754,1.19904474720773
b3933,1.10142399198060
b1053,1.29004717515829
b1238,0.925329224088799
b0622,0.965676427451851
b0841,0.563167074516414
b3162,1.11120193365000
b0610,1.40328131238528
b1648,1.47838474576270
NA,1.36061459039269
b4394,0.966078875277029
b2458,1.52739973814313
b2467,0.941163301958742
b3858,1.02264797231447
b1490,0.704075575034824
b2142,0.799311591677469
b4138,1.34206883960923
b4236,0.632555094372208
b0526,1.15971886398256
b0353,1.43071573406327
b0399,1.42202914277689
b3472,1.14440672623103
b2313,0.978276798780167
b1597,0.376257250676665
b3515,0.974892037404110
b1145,1.13464556533858
b3802,1.28416888290901
b2603,1.03487100438969
b0312,1.30187772963457
b1987,0.799800044465771
b3828,1.03167202961007
b1407,0.990747182237674
b3222,0.725486535246600
b3998,1.07127171220796
b0452,1.25626555281828
b4263,1.35810721532508
b3018,1.01905771156044
b0080,1.41153645809328
b1632,1.26913766275800
b0154,1.12800659069487
b3177,1.13098919615895
b1098,1.07734244967536
b0527,1.07167244732886
b2611,0.957366155002843
b4199,1.18251173239207
b1342,1.23635216044133
b2786,1.07878581422553
b1284,1.32002344360616
b3172,0.984800916179405
b1793,1.40418810295547
b1524,0.798703135975514
b4124,1.37974015000291
b3593,1.21409194930319
b3344,1.01565877119632
b1181,1.23413846776292
b3973,1.18409998719964
b2299,1.07277137812358
b0338,1.33480078584188
b1606,1.31676995295614
b0817,0.580867969628427
b2682,0.986833009461798
b4240,0.994371970167824
b0387,1.07469336699684
b4374,0.507348291280030
b4042,1.03782432299998
b2301,0.622149157885694
b0570,1.08712895703806
b0596,1.34476954462771
b4396,1.32024239002109
b0010,0.936287247397877
b3004,0.995211866387534
b1675,0.734750863279306
b0515,1.48354129964917
b3966,1.04526245007230
b1593,1.29199769461320
b3826,0.487426055145343
b3425,0.964813405734054
b0802,1.22403261777138
b4005,0.522532843562002
b0286,0.800639329335577
b2346,0.361483603584578
b2593,1.12936123530323
b0624,1.19477507413290
b0035,1.06139186510645
b1998,1.15333571110107
b1623,1.30461144612055
b1500,0.788177455185254
b4395,1.09924833224419
b1631,1.21887389998049
b2902,1.22842593222632
b2257,1.38630029272720
b1206,1.40065406144359
b2544,0.595534452840813
b1430,1.25576915019465
b1806,1.34740541753910
b3643,0.679044253428653
b1314,1.24823258028326
b4114,1.29350462685070
b2818,1.02793137965405
b3937,0.662101782302097
b0321,0.579457976823970
b1382,1.39049447199189
b2399,0.660632811860140
b2663,1.51409024918378
b2248,1.67631612520379
b2293,0.996118204646726
NA,1.51547327717594
b1379,0.670327842323378
b0933,0.581895002436213
b2633,0.600470378804742
b0207,1.24415090665285
b0564,0.428363247082273
b1956,1.02673150576702
b2132,1.33329632587885
b4111,0.496608406533856
b1193,1.13149397994658
b2186,0.0849605284622109
b2625,1.18982832366414
b2395,1.23937660659542
b4004,1.22117522937063
b2243,0.762491452662532
b0461,0.485984304964428
b1630,1.23658004664760
b3553,0.260876569794432
b2844,1.28752986957443
b1961,0.624157361775781
b1452,0.552756610362728
b2137,1.40311421176857
b4308,0.956474651725334
b1727,1.12188382402313
b0895,1.10220899326328
b2431,0.567146833254663
b3709,1.14327822045669
b0976,1.03100715080596
b1969,0.985321132569106
b1624,0.944691231537343
b1570,1.01973910769314
b2964,0.700071126542026
b1438,0.945742104309725
b2615,1.01722630428295
b3654,0.697392322746565
b4322,1.13664600290534
b1040,0.821234309695242
b3393,1.08576296802362
b1867,1.14689902206053
b0276,1.39188350457328
b4129,0.532250370259380
b4357,1.37110561917969
b3563,0.495606886324587
b0119,1.37415397291567
b4316,0.746648619687638
b4018,0.878043362987418
b2836,1.32697656588380
b2794,0.945063435374692
b1272,1.03027161718044
b1622,1.12367270337918
b3402,0.325852477236846
b2202,1.21280352255276
b1424,1.27068060072191
b2182,0.685861957321933
b0826,0.952961557006558
b3645,1.12039445204779
b1626,0.943210232230237
b2128,1.15877832585510
b3352,0.578821894624426
b2221,0.750232317397391
b4151,0.676749620648749
b0464,1.17795746386465
b2419,1.14827368730906
b0250,1.18541522275023
b3625,1.02668494604530
b2790,1.14380933623698
b3884,0.988463214539479
b2379,0.923522688142350
b2098,1.20876519107958
b2010,1.17471026626628
b3785,1.00669156050071
b0261,0.637095720716052
b2079,0.960669502467729
b2174,0.869729316423869
b2726,1.03808723705006
b1009,0.896223704720832
b1427,1.11229555418041
b4113,0.956294333915695
b2929,0.931140943636358
b2756,0.710934276721636
b0247,0.399326960808410
b4265,0.540125713524736
b0164,1.04850870228667
b1803,1.21569251238487
b1511,1.64585382359953
b2812,0.569676801849220
b1128,1.12063660202221
b0959,1.14009188137336
b2439,1.11067094040230
b0762,1.02015239306183
b3892,0.606406743138842
b4358,0.435239244052063
b1442,1.38857885177831
b2768,0.989988619070307
b0117,1.00734150604972
b0187,1.03320002397391
b3096,0.944892676829469
b2822,1.10707707910179
b3467,0.894121588256264
b0475,1.17714572441346
b0691,1.15332673847241
b4304,1.56489729259419
b0774,0.978814354059970
b2230,0.984729985180813
b4063,1.06673674747880
b0776,1.04751827396945
b0964,0.745747051662845
b1340,1.06126088968700
b0577,1.16894961075305
b4297,1.23609726521362
b3071,1.12259262984532
b0806,0.601019419298558
b2604,0.475571143253833
b0308,1.31559230948971
b0417,0.567443358697110
b1902,1.00610870387055
b2441,1.15477202821135
b0488,1.10663892515399
b1861,0.984245085994352
b4331,0.999252744248240
b3406,0.949349829062944
b3590,0.999303975546470
b0486,0.795492937957278
b3920,0.873062410692832
b1164,1.00485209300561
b3051,1.01659001468174
b2906,1.05238379687484
b1812,1.02724947793190
b0099,1.22702911423422
b0835,1.12818371005421
b2755,1.09649074284742
b2343,1.05003421559085
b1269,1.12827271356104
b2676,1.03006516540965
b0595,1.16320543643650
b0962,0.575992848861257
b2381,1.02264456691594
b2200,1.01012485249864
b1773,1.38422050428714
b1833,0.638519044993550
b3250,0.465423889670500
b3519,0.780086178795353
b1838,1.18403150310632
b0183,0.884902530543432
b1776,1.01592820547337
b1607,1.08483088092888
b3673,0.609435965674216
NA,1.03906250219550
b1166,0.495417462134636
b2199,0.933423209256247
b0503,0.978773645734966
b1608,0.810729466348536
b2233,1.11638333875147
b3187,0.929137080097288
b0404,0.908041067638013
b0459,0.998810495155066
b0147,0.886148443076250
b0029,1.06526080914490
b3475,0.872133216515767
b4012,0.974551456840375
b2605,0.955181841868632
b0349,0.867472612008576
b0424,1.13773744858146
b3290,0.905768541492615
b1413,1.19854506035513
b1135,0.743860890996796
b1794,0.907162331910269
b3323,0.862600947659703
b0630,0.625920155480239
b1453,0.422021224968036
b0698,0.985851408921451
b0266,0.946969286931783
b1138,1.02246522757649
b0714,0.767453672304448
b3807,0.793727289556195
b1097,0.975343181498780
b2166,1.17069241575080
b2545,0.541109651993662
b0805,0.919350348004176
b0524,0.827431833496863
b3235,0.878881356330122
b1281,0.819628390245223
b1844,0.522441709445697
NA,0.545724438987858
b0798,1.00405635115313
b3360,0.871169808971553
b2154,1.19809503498664
b2842,1.09945421697901
b2134,0.844503921402925
b3377,0.677088438701703
b2777,1.05784557813797
b0537,1.10199945019979
b1341,0.551374741087617
b4301,1.22516900765557
b0961,0.790742618810732
b1222,0.992768593968802
b1475,0.290086855398358
b2438,0.996903218309596
b0210,1.13647028254011
b0132,0.510491032976654
b3497,0.496343969332922
b0182,0.996337257177777
NA,0.879227631114923
b1895,0.947522382044946
b1531,0.861948671974936
b2240,1.12425090812487
b3699,0.880870263503914
b2239,0.656463450561249
b3415,1.02945299122859
b3775,0.459792414033428
b0650,0.458171524088552
b1277,0.887808628311690
b2886,0.981543400306282
b3813,0.517745190577863
b2247,1.43106474347067
b1025,0.874401464596652
b3974,0.786004876389979
b2817,0.766606882636058
b3715,0.779130049317472
b0779,1.00362629175153
b1194,0.271045460930878
b0131,0.696003930555690
b2136,1.07645673722340
b0138,1.01434464826514
b0936,0.662170315415696
b2582,0.488045760665279
b2324,0.906078444611135
b3126,0.623614590679878
b2509,0.754788344146409
b0313,0.475160471593099
b3744,0.588788986273045
b2760,1.02159775841554
b2963,0.884274411185763
b1972,0.581122073189090
b4061,0.927414233750923
b0498,0.789092463620705
b1254,0.982241146492527
b4211,0.894207406302048
b3410,0.995738481136231
b0481,0.789869284109480
b0700,0.600591618361614
b2349,0.717069836191278
b1285,0.996965786375448
b2188,1.04702191512712
b2717,0.977257577465155
b3469,0.936027879752363
b1464,0.794796231719406
b4141,0.436438194243417
b3787,0.895284465237791
b4078,0.733976753690200
b1068,0.962914160501987
b0467,0.970498207162589
b0269,1.09183520599532
b1371,0.885124319961318
b3526,0.812806749012610
b0111,0.513608209568180
b0950,0.491826445789496
b4191,1.05598050969461
b2255,0.549362061652815
b1983,0.827352139070025
b3485,1.00441693278342
b1542,0.803234223715598
b4097,0.741737275194868
b3003,0.899575081437746
b2061,0.436214337517517
b1845,0.927970981631270
b0482,0.328777608152888
b2206,0.804895405423210
b1621,0.884477899754479
b3777,0.973106956685057
b0227,0.573713597022285
b2892,0.775037225743227
b0070,1.00935323103362
b0780,0.938086057021335
b0381,0.879395697648122
b2232,0.719632378182538
b2542,0.889703133715105
b0047,0.967286470329285
b3224,0.493970845917968
b0039,0.717323862564587
b2129,0.561127288929817
b3949,0.508195624675620
b2675,0.942119169821644
b0113,0.867598151798150
b4050,0.603136783172179
b2184,0.890510775784510
b2894,0.745780606602031
b4089,0.868055845264861
b4118,0.535856988347196
b2994,0.915954155782118
b4218,0.458950641164598
b0392,0.758270004552644
b3701,0.456754219121980
b1384,1.47657797416548
b2448,1.08031912676163
b1113,1.03530370597507
b2116,1.10163860993223
b4298,0.970909760229226
b1343,0.982984065993821
b3058,0.743180127627032
b2428,1.18689641360932
b2874,0.936581652130078
b4389,0.735776794110003
b2292,0.523499855664457
b0314,1.05666833123390
b0311,0.850546438143668
b1220,0.756479565532116
b0447,0.849701125756726
b3496,0.820308230860167
b2586,1.04713878938515
b1039,0.517468326222154
b3522,1.04353181870514
b0341,0.603115876050305
b2627,0.560104455628709
b1744,1.13692128725774
b3017,0.671424754705295
b3226,0.757935069022260
b0979,0.898310470240032
b4020,0.938039804405457
b2146,1.09670323932438
b0580,0.862864837246598
b2719,0.801759425833261
b1485,0.671599043577125
b3568,1.07432986794969
b3574,0.750510689066108
b3565,0.970466210540561
b3624,0.880881253900434
b2758,0.784137504029068
b1970,0.834184800552723
b2581,0.408685397097840
b4351,0.778630747532050
b3459,0.200799544507062
b2219,0.522733801544743
b2177,0.978321266327421
b0340,1.22412833436241
b0018,1.09085224658438
b1393,0.869979527414720
b1514,1.32587506460776
b4058,0.844259570809275
b3823,0.593343203217568
b0960,0.424139108215886
b1192,0.786439432808178
b0935,0.787566204593506
b1477,0.752477837445714
b0942,0.831754562394713
b2869,0.896557303516092
b3676,0.852170146619236
b0576,0.953571537933814
b3674,0.922196791023475
b2392,0.942038459839122
b2944,0.407742877014736
b3868,0.475200657688602
b3423,0.451742435270466
NA,0.423308127188098
b1834,0.476000628829685
b2325,0.642042798832572
b3789,0.811493412054710
b2712,0.731880981012892
b1766,0.828728622745260
b3021,0.844723189526363
b3539,0.440496298040769
b0609,0.925800777536341
b3754,0.859821416265810
b4323,0.959545558401913
b0985,0.830603708121913
b1289,0.568880508034498
b4049,0.794631116278652
b0213,0.362394240440746
b0512,1.15743122425745
b2435,0.706632638931969
b3592,0.433624513790525
b1484,1.22462278033296
b3961,0.430169827022673
b1835,0.717204527410192
b1520,0.421499624290736
b2677,0.844741588101636
b1473,0.768659256356743
b1815,0.487387620248325
b1012,0.298297657864670
b0842,0.942475642131162
b1981,0.846928318944087
b4279,0.464030475372742
b1770,0.947114008801314
b1704,0.273924049613301
b0251,0.428171580508281
b3379,0.398630608431256
b3338,0.753615561381301
b1752,0.832714221380510
b0975,1.10854264353503
b3092,1.01043665332926
b0258,0.650766373449641
b1303,0.810938052965952
b1749,0.769839946369541
b0543,0.404637849807984
b0477,0.792248204545359
b3944,0.448538351959718
b0159,0.755451515842395
b1965,0.526330655069864
b4106,0.613092591567463
b1046,0.473019174948900
b0076,0.596749378796798
b4250,0.396131170149833
NA,0.696517361827399
b2702,0.979811007659462
b1436,0.280320413413984
b2549,0.476930156278922
b3743,0.653599475817557
b4342,0.441731898842873
b1792,0.810829688946720
b2565,0.468068241027535
b0257,0.500586931991921
b3156,0.921379422390918
b3452,0.503222537602220
b2172,0.949544532738206
b1813,0.806410277219087
b1271,0.794732987382989
b3832,0.904138247013721
b0401,0.809975555751709
b1335,0.753745965944270
b2664,1.00702774125962
b0952,0.482310244243488
b0479,0.892367411007045
b2271,0.413239059278267
b1171,0.894524801220342
b2258,1.01709753159079
b2106,0.707416981196300
b1010,0.719963058736610
b1081,0.342915619672875
b1639,0.414838116463019
b0151,0.383878876591295
b3217,0.751341883403838
b0635,0.770356924350561
b4321,0.885225753565914
b3579,0.742870554191428
b2550,0.463945424983053
b3856,0.662472002672919
b2160,0.390414879794057
b4293,0.256780370181723
b3597,0.840271340933285
b3585,0.424927707697710
b3698,0.781243611198937
b3525,0.190488737493876
b1995,0.233144554806346
b3824,0.376998614116000
b2823,0.841122770428805
b2067,0.441935457519544
b1598,0.533567327149143
b3599,0.435431241089005
b2473,0.896943408910881
b1634,0.879181739839204
b0011,0.714112300378846
b0825,0.150285313561302
b2975,0.619673856295568
b0818,0.814483832847184
b4044,0.767820136249374
b0837,0.815393004021823
b3790,0.402203342232241
b2413,0.718512493306956
b1860,0.407031237302280
b1980,0.479138342691660
b1412,0.572440031767563
b3594,0.369108724832174
b2988,0.331670748804655
b3635,0.609882978758796
b0100,0.666738950878925
b0685,0.596502330393408
b2443,0.687641173298409
b1595,0.787071038919978
b4289,0.215383027427640
b1229,0.845749255411049
b2046,0.415246778680086
b3503,0.699258982080249
b2194,0.851862159431545
b0948,0.735695964679352
b2819,0.787662448086668
b2510,0.681518823169795
b1141,0.608099650052274
b2274,0.698970365509807
b3267,0.597745844177961
b2882,0.732285524602897
b0859,0.180134074701591
b0792,0.465197335626187
b1476,0.455545299924343
b1044,0.349221780659383
b3234,0.243641520977203
b2579,0.452659427306133
b3102,0.868638119378328
b3263,0.233517231384916
b1652,0.580650201594682
b2843,0.443641310892937
b2820,0.492067385621431
b3398,0.852501881765394
b0442,0.446676265137722
b4375,0.698225033475759
b2840,0.698968129767799
b0938,0.394412168994848
b0066,0.708732990488433
b0034,0.753267826577520
b3468,0.609994248401466
b0398,0.628686114912598
b1858,0.714802611140063
b1971,0.862616975447931
b3477,0.356475607544904
b3367,0.667937074569426
b1753,0.242128432472935
b1468,0.907550404751939
b2405,0.792601446244523
b3651,0.511291684091731
b1907,0.691057447424163
b0133,0.633404377693001
b1096,0.715799717546592
b0998,0.446321165294622
b1467,0.908873303580202
b2667,0.786636766914820
b0644,0.325479486012853
b1633,0.773494952378502
b2955,0.706893243940745
b0819,0.526833359709499
b2220,0.766085341016220
b1659,0.771088246803455
b2127,0.482112736958288
b2069,0.209776631055271
b1148,0.361127704604992
b1552,0.332423714233563
b2272,0.743129021976745
b2380,0.808347046806817
b3702,0.664878739124874
b3686,0.860391699157906
b2102,0.757069666780416
b4053,0.192503880280985
b0513,0.807597462698384
b1672,0.340618407818629
NA,0.269388930399057
b4324,0.590997295253070
b0545,0.739121183615493
b1013,0.781214436163389
b1609,0.720012985225653
b0944,0.668185495997015
b3466,0.657415331142681
b3717,0.678420441070384
b0378,0.393925670328648
b1387,0.622400695937854
b1210,0.0240565601402688
b0058,0.457326721967328
b3652,0.585804885011224
b3573,0.564998385676459
b2028,0.424729788385730
b2868,0.459581121115108
b0141,0.383954266779944
b1014,0.854110889855312
b4317,0.573902250432717
b0901,0.894907474270022
b3740,0.534357665931602
b2632,0.389045367196399
b0549,0.709149607129702
b0067,0.777637170409663
b0285,0.435453019289425
b3946,0.435831199885663
b2450,0.692705853671620
b1962,0.343486165575661
b2430,0.512246840766640
b0293,0.796363621362200
b4393,0.621750636024827
b3232,0.383364349847106
b1931,0.829638418132194
b3546,0.792517406497136
NA,0.742261961640434
b4300,0.853052875559990
b3569,0.427497645813781
b2690,0.368705033145495
b0872,0.245300467128256
b3480,0.369468057252724
b4333,0.350502756334507
b0231,0.357241071952747
b0620,0.742064197741985
b0157,0.785748201193719
b2121,0.335113647370909
b2223,0.128885316589700
b2708,0.669258311817005
b1618,0.630819977330708
b1042,0.574312709542857
b2376,0.412379790055001
b1999,0.791716967728347
b0844,0.669992547385161
b1688,0.447439590094208
b3935,0.384615426027891
b2074,0.643050986494654
b1328,0.642368589397880
b0153,0.524131044994301
b1182,0.909112040239649
b3039,0.617974531253038
b3857,0.327902020156256
b0704,0.649191790573994
b2770,0.382772061920970
b3529,0.606096299671046
b3322,0.638573434881608
b3439,0.385397863716040
b3945,0.572212233563804
b2493,0.708048346998459
b0789,0.745262339617814
b0947,0.205953662849078
b1037,0.352619031797136
b2622,0.213520159544682
b3132,0.834142854595232
b3786,0.547786587542955
b3063,0.566094470245907
b2460,0.706384322855730
b1184,0.639739595259808
b2001,0.219242560061787
b1428,0.418630128653209
b4312,0.444003667197462
b0868,0.364220374025800
b1320,0.471254540979226
b0390,0.487102596246863
b2548,0.366999768293204
b2883,0.661830823742241
b0445,0.208484068027833
b2254,0.668720434408094
b2053,0.311789358926950
b3950,0.227800448800580
b2923,0.359533822412688
b0611,0.313168449798357
b0495,0.713555899663022
b0223,0.704762875679304
b1366,0.682157425167948
b3208,0.440362887971581
b4371,0.182120995482450
b2152,0.564191611276119
b2291,0.292070408804640
b1579,0.594789180246115
b3107,0.378455791778550
b0638,0.300559638001213
b4043,0.325199543889046
b4123,0.627187330004403
b1377,0.645147260792873
b1540,0.448001385187253
b2738,0.709693993201171
b4112,0.691606711726945
b1330,0.699858866825098
b1915,0.361409752539247
b1591,0.295530778130171
b1151,0.319310879380782
b1769,0.230002637099818
b1299,0.0613263964513916
b0362,0.507558378295155
b0330,0.320260041883680
b3891,0.604387382149661
b1988,0.650799600486706
b2085,0.841925018743735
b0822,0.238456078217785
b2178,0.727992301790776
b3878,0.513008425095090
b2198,0.216981532578604
b3947,0.360710378790411
b4001,0.206167318789984
b0351,0.388343758875233
b4077,0.403307884581194
b2650,0.491476636828693
b1964,0.483437448439920
b3890,0.494106296698884
b2260,0.566042662639205
b2669,0.275467819513280
b1507,0.0374237685088091
b3093,0.817228535548716
b1350,0.357662259839205
b2728,0.597819996868186
b2703,0.777341971561206
b1758,0.353227140557539
b1701,0.504379522807159
b1814,0.372208492613165
b2575,0.358648821948637
b0048,0.396528997883778
b0626,0.693067613876171
b2328,0.531643887654864
b1326,0.408158588841302
b1821,0.566229364845699
b1751,0.289353787336719
b3471,0.623659088725067
b1392,0.599682658668929
b3133,0.828580629259600
b4094,0.549836850990144
b2811,0.135642616433201
b0217,0.179733698321268
b2453,0.335487461581369
b3669,0.381188092753908
b0020,0.375102073985244
b4307,0.670175964923682
b3225,0.700896782706594
b2623,0.522007812121176
b0945,0.381125482440126
b1173,0.623366437691381
b2912,0.281064895936613
b3513,0.530125752020101
b0980,0.357942765697456
b4262,0.370583851977343
b3091,0.352152882417154
b0383,0.614585198914697
b3057,0.362197156798196
b2195,0.656192440308116
b3825,0.322955007887341
b1198,0.276020514145603
b2806,0.646033355502638
b3206,0.340040091133833
b4379,0.401034837123081
b1731,0.345610711140633
b3074,0.219436792230364
b0393,0.463203031636252
b3083,0.521344129615324
b0006,0.468219846393584
b4155,0.223750422965555
b4299,0.360501896820426
b0090,0.689941637751778
b4088,0.685934631787010
b0885,0.557399590025664
b1290,0.702466294420387
b4400,0.394837992153567
b4282,0.483848555857276
b4346,0.399234239935788
b2461,0.395024049402291
b2729,0.352309065176114
b4251,0.576715328895470
b1483,0.864049852729091
b3412,0.444183757107362
b4166,0.528384005162451
b1315,0.360125755600104
b2943,0.293229681506518
b3488,0.421446300836169
b1963,0.353446952332305
b2213,0.594439632303505
b3909,0.604903792659339
b0228,0.365812439783573
b2757,0.359662776101306
b1843,0.528201643403752
b1643,0.683467667296606
b3124,0.637660128062486
b2950,0.286801490454642
b2197,0.380351779575994
NA,0.672859318564449
b0069,0.636374450162030
b4291,0.305488390353974
b1227,0.196370834727922
b1225,0.551968950940671
b0847,0.194694751962742
b2774,0.362667461650190
b1147,0.160517768399313
b2765,0.285860808725033
b2485,0.536324625354908
b0846,0.689035265118342
NA,0.493591713864623
b3271,0.606926887839903
b3567,0.408482813345243
b2671,0.601981953170312
b0920,0.556243276609780
b1523,0.454539227808559
b2145,0.433226132388515
b1043,0.0732106503061228
NA,0.335855912884583
b0586,0.663343722935961
b2915,0.364314566987440
b3882,0.557904933924832
b0521,0.618341093662849
b2825,0.565680304179743
b1052,0.329473563119043
b0794,0.672561489933932
b0499,0.273273338455073
b3383,0.661906238552769
b0396,0.515200651056253
b1906,0.569303053409428
b2536,0.703586439797971
b1529,0.356393806360915
b3917,0.318823931179979
b1932,0.593992596734793
b1733,0.565043543851571
b4184,0.287900031597172
b3270,0.638074946526241
b2824,0.541818536248639
b1360,0.586109551074056
b1791,0.466980644674194
b4249,0.435940471926175
b1139,0.604492794777321
b2739,0.195545127678727
b0832,0.330398823205482
b0109,0.359015506945498
b0778,0.495627139274209
b1966,0.712523271685005
b2124,0.288165681855922
b2264,0.629424959625797
b4183,0.492166172228020
b0252,0.597845143318148
b3127,0.438944344392144
b0619,0.600344886505696
b1275,0.604727057518029
b1617,0.661069366473863
b0451,0.513348697385294
b1361,0.203043837876722
b3647,0.200223657797267
b3154,0.452002942049054
b3007,0.290679847817493
NA,0.599862851825604
b0590,0.515103422496583
b4092,0.573865851616617
b4363,0.213050154282702
b0295,0.547442196653238
b3481,0.518495412931232
b4327,0.439764530526940
b3146,0.455398577507276
b0324,0.578252808331607
b1460,0.514749135081332
b0385,0.532711419268810
b1790,0.555690236653843
b3791,0.337832987627439
b2771,0.140097529384177
b0645,0.159911247716838
b2359,0.180021457777266
b1228,0.545398356565018
b3358,0.595731675179654
b2880,0.259200380981516
NA,0.334384627784147
b0989,0.267967461890703
b4150,0.439477809451368
b3382,0.530323404754553
b1065,0.337153358443576
b3333,0.548609383432933
b2157,0.704199469500173
b4198,0.590108005499675
b0652,0.385976917156415
b0105,0.255736074606477
NA,0.605632755519343
b2107,0.268806942465323
b1774,0.610960493576419
b0165,0.543205151608860
b3873,0.302306119417293
b2638,0.478387614067053
b1396,0.0498137945444339
b2335,0.326636277907689
b2716,0.576060314643068
b2305,0.552887828086670
b2841,0.597808165596071
b0815,0.645116760488248
b3989,0.238511434095951
b0519,0.585144729792934
b2125,0.337986053980514
b4264,0.264136918356978
b3082,0.535666080203284
b0496,0.585195119821901
b0328,0.198642384519693
b1069,0.294424897019706
b2552,0.343137285425947
b1873,0.435573126364239
b2533,0.476801280251495
b4223,0.302594173286912
b1496,0.295958462507718
b0591,0.459250687214864
b0876,0.195614714284674
b0277,0.519265453947692
b2119,0.549378917328754
b2389,0.587808551327430
NA,0.163446033325912
b2538,0.328412766366694
b2204,0.662183174571700
b0268,0.586006123063229
b2802,0.684365298249732
b1757,0.536301932892080
b1447,0.293258432312816
b1592,0.460017977509444
b2981,0.297527385505725
b3027,0.267085772863859
b3897,0.405587264266220
b3925,0.485700327574871
b2214,0.311856177029063
b0629,0.420527765984023
b1916,0.289356464752891
b2164,0.601654318097162
b3601,0.519449294977026
b1968,0.516569490006187
b3675,0.421208612634335
b1322,0.313979529342526
b0600,0.312898537108635
b0763,0.254736233276418
b0412,0.525908360303258
b1433,0.584734619612035
b2562,0.115759446027779
b1859,0.235472982608568
b1038,0.197195959372162
b1435,0.592035893989227
b2176,0.554310025450208
b2798,0.509180879088231
b1381,0.266989858775390
b1462,0.0835174643015047
b0232,0.202334971955786
b0049,0.458802377268687
b1802,0.594066075725951
b3258,0.513068499493187
b3335,0.462271825050912
b1655,0.304511177773917
NA,0.314634936060392
b0316,0.308159484496212
b2519,0.634366537146286
b1671,0.276968808688795
b1047,0.299509010366744
b0403,0.554278539668314
b0689,0.308809334136218
b2099,0.540431439494515
b3819,0.380217530394160
b3470,0.511591399278439
b4190,0.482015135844188
b0731,0.488119056268093
b2130,0.315215425792741
b3023,0.628913240041102
b1085,0.621495812693682
b2995,0.304757477141400
b1251,0.0586273231889564
b2427,0.543406932027771
NA,0.226907183311349
b2225,0.490830493467641
b2140,0.253013402847477
b3106,0.436445520415140
b2083,0.345367544861148
b3182,0.279795065035923
b4209,0.488195121059691
b4030,0.312075946261963
b2791,0.377789695658729
b3269,0.248735647638969
b4366,0.0812585865656784
b0648,0.459839748128226
b2698,0.319059478243463
b2916,0.412314871235475
b0068,0.448909213419633
b4320,0.168127403078152
b1445,0.197073552321596
b1021,0.337110801360264
b0538,0.145370988765708
b1144,0.349573395692762
b4290,0.442720556683763
b3482,0.183609545447813
b1960,0.266188954682939
b4378,0.264291117628825
b3140,0.419675921009835
b2903,0.565259138323918
b2577,0.272510962204979
b3451,0.335594607824829
b1339,0.684828239280434
b3242,0.239801552619646
b2353,0.678114231390800
b0834,0.340923654704366
b3551,0.176137825157341
b2245,0.583733712794077
b2179,0.310840257857000
b3952,0.485035944580925
b0568,0.308704154005245
NA,0.286968477943751
b4026,0.426062789951794
b2371,0.440822382452801
b3075,0.251231507250887
b2711,0.451465086621779
b1797,0.271963449064945
b1140,0.354459114111365
b1439,0.451389853454075
b1509,0.568075387227432
b1581,0.317324043703137
b1201,0.507312381457743
b0875,0.592343470465027
b0343,0.293955204392973
b3581,0.552930023227570
b0491,0.278457504067620
b3747,0.179049640811109
b3473,0.382779525363169
b2731,0.267670235428488
b2984,0.251235876250844
b1670,0.291785148105924
b4122,0.352592953919064
b3134,0.665717113630883
b3689,0.451970500614212
b3580,0.526106486524771
b0848,0.268296718555682
b0703,0.494685479891199
b2740,0.516111133419873
b2447,0.159535268777408
b1755,0.284553185085875
b1486,0.347102454479950
b1735,0.235702648085808
b2831,0.268066558767421
b1759,0.438669662617881
b0858,0.245342805157838
b2685,0.153757015385463
b4210,0.277649047199506
b1804,0.429888898720849
b4131,0.241660687136546
b4046,0.247364019136372
b3376,0.412052324807866
b1620,0.295106449390083
b2409,0.460292615184875
b3501,0.264596532578028
b3533,0.438083801352494
b3943,0.360532451864534
b1754,0.420500936692573
b3779,0.252148834667067
b2992,0.313464096918143
b4319,0.331738010068139
b3330,0.202397449619824
b2366,0.471950258202963
b0845,0.194910195192248
b4313,0.217644387996846
b3518,0.354475947153530
b0304,0.299490148630457
b1625,0.214306102615740
b2457,0.547096619037667
b0284,0.501405231340742
b1385,0.491196041970612
b2727,0.256079448614951
b1163,0.219525255844877
b0909,0.468127734379356
b3710,0.402079414261937
b0262,0.399995343120159
b4275,0.482247796298176
b1525,0.462625149374150
b3219,0.249992487941144
NA,0.448658041161253
b2957,0.250906476060260
b2801,0.631313525072188
b0319,0.328118705186371
b1649,0.423601254761618
b1872,0.533676499769831
b0282,0.279622263308223
b4341,0.231407713434358
b0657,0.301813942140794
b0507,0.459674092912075
b2866,0.551658992748940
b4048,0.431653278365161
b1349,0.451196699325721
b0843,0.440913718899731
b3954,0.314952702198731
b0709,0.431895673464082
b0208,0.495557025536237
b2375,0.246158191956843
b2997,0.405924086799045
b3662,0.190630197994356
b2940,0.209872702388520
b3437,0.506369289677868
b3872,0.447557225609123
b2709,0.504354224900869
b1115,0.359136294048470
b0849,0.265175706664935
b2466,0.439520476808442
b0130,0.245024055177681
b2810,0.212713661174218
b1900,0.508784094286177
b1568,0.442286056244774
b1437,0.253433870745390
b2165,0.588737330577363
b2547,0.282742306979580
b3653,0.399374931453693
b1627,0.153163875745156
b0732,0.268570438207176
b2364,0.272655748440829
b3025,0.411190284205262
b3665,0.516566009441820
b2704,0.284157322782652
b2991,0.233943228043486
b0696,0.0921781069739335
b4192,0.267532060146372
b0558,0.153788374435301
b4017,0.244010382251590
b0137,0.291490611313824
b0253,0.504576111287554
b2196,0.507060499590587
b4280,0.409115154227089
b0400,0.231712517593757
b3391,0.252707840935092
NA,0.353684899321533
b1169,0.432266178512824
b2496,0.173613781861484
b3614,0.191261918532115
b1737,0.214808990301772
b0476,0.571435766561466
b0315,0.559197223650366
b0769,0.287285998031953
b0761,0.236899407706497
b4386,0.389113395714198
b1146,0.192569420642529
b2338,0.501450882952747
b0017,0.412638872656004
b0514,0.428816446679092
b0046,0.416533749865955
b2930,0.410374652101655
b4266,0.428705798752267
b0752,0.477695728351785
b2163,0.280625675385725
b3822,0.211672911368184
b3334,0.236268904472486
b3152,0.461865364109153
b1242,0.419915394210660
b0618,0.129349199499236
b3881,0.266763778151155
b2141,0.439143773211944
b4237,0.396230621765026
b3718,0.359800917862982
b2384,0.316527587901520
b1102,0.409461941826728
b2855,0.277198602171999
b2574,0.416390114170172
b2505,0.347773615333505
b2158,0.282895540559756
b2490,0.367345416128494
b2561,0.213356530527966
b2489,0.260972047120484
b2921,0.206589659912777
b3326,0.292686996808723
b2207,0.254367250705302
b3905,0.421275776130975
b1741,0.305640424328473
b3449,0.441125624806368
b0919,0.265911387103836
b2642,0.0932700724498989
b1494,0.485804486773205
b4274,0.357067091892802
b3490,0.364149529351843
b4310,0.415386678048457
b2268,0.382920797220011
b2718,0.376718794343995
b1183,0.197134295841094
b4287,0.204124802948342
b0347,0.213599414871167
b0588,0.433295814723298
b2732,0.396796802855090
b4120,0.464042773680444
b2058,0.349517597342535
b1521,0.316413013746765
b2170,0.266319687778414
b4335,0.164984164082507
b3216,0.403165636150247
b2865,0.221720206211611
b3575,0.464347954323425
b0233,0.220362903192553
b1587,0.343129072049220
b1589,0.380926057063856
b1528,0.196946164515362
b3090,0.378807628369519
b4085,0.377920317752244
b0594,0.382918826355132
b0497,0.278578203043447
b3238,0.288605132401639
b2832,0.317189803570814
b1456,0.247199375154062
b1650,0.377666036718841
b1546,0.239717011284250
b0235,0.352497155047797
b2446,0.387278946062588
b2488,0.355455606825995
b3716,0.177859847723030
b0457,0.259637076640435
NA,0.249565374639374
b2437,0.155178009434287
b2775,0.502368680976908
b0254,0.229284499684335
b0517,0.277969150958996
b2788,0.115491825811546
b0365,0.229396623272043
b4348,0.311295601636948
b0692,0.469246207264075
b3634,0.203147885162006
b1029,0.499519579482379
b3677,0.218823311419329
b1610,0.455564311304135
b3773,0.371449674217542
b0135,0.284050853354546
b2985,0.373061871812064
b2229,0.268362327413704
b3112,0.379447317759625
b1253,0.0469500478971429
b2863,0.192781741717536
NA,0.394567650693473
b3889,0.358540475094569
b0249,0.306671689266402
b2730,0.432535462185626
b4257,0.402265310840643
b1211,0.126553533219405
b4100,0.221331645824269
b1388,0.239896388633573
b0106,0.401420872260387
b1022,0.451027022162074
b3266,0.416011698761944
b4399,0.229917957732549
b3084,0.281209834514357
b0158,0.343539730036725
b3155,0.191332467645821
b2769,0.297297438063181
b1951,0.371866409873889
b0896,0.143778392721886
b4230,0.276936053010892
b3422,0.315834595688560
b1788,0.190798953757632
b0371,0.337444669883080
b0555,0.368276661512010
b0374,0.427588728371819
b2835,0.147682678162340
b0569,0.430201014207965
NA,0.291210800475990
b0813,0.388447663834175
b2410,0.210176745349332
NA,0.395283020472408
b0152,0.370017881262442
b2201,0.360448082924071
b2720,0.217800950390037
b2459,0.462336788287905
b0592,0.255708255639968
b2541,0.250946326049715
b2639,0.196906888738546
b3411,0.389296504203410
b0547,0.236398420089889
b0502,0.376485475184608
b4268,0.328352478458069
b3504,0.281575477943479
b1410,0.228193415023684
b1636,0.323474695398071
b0037,0.366270942420697
b1711,0.125060128240418
b0768,0.304250399311384
b1959,0.224683034810928
b1862,0.333276483016136
b2736,0.404980302670002
b3371,0.395146462418304
b3532,0.343784578773160
b2222,0.148604548011521
b1653,0.435300298203491
b0916,0.241315778646832
b3606,0.0996409072267765
b1353,0.143342922668672
b0272,0.362592211022822
b1168,0.198149468772647
b0368,0.378412552807010
b4285,0.232904762578914
b4080,0.325112475993472
b0974,0.382567634528451
b2759,0.225153032255805
b1572,0.325341443849737
b0520,0.191657228224329
b0621,0.368118799620630
b1828,0.0811778585846158
b1457,0.226879557451716
b2539,0.401598981517792
b1137,0.198073511153486
b0995,0.196457993696268
b0305,0.221932665729574
b2374,0.375927889438511
b3557,0.266331778107798
b2837,0.235495808026385
b3906,0.255057389459556
b0505,0.210849964252918
b3161,0.252326914981319
b0972,0.194400486429048
b2205,0.248488790403497
b3801,0.477144837570227
b1011,0.268177492982108
b3918,0.246985846571665
b2241,0.309994020994698
b1170,0.226428297273744
b0730,0.328160771156092
b1327,0.369505113486790
b4084,0.270158366263809
b1985,0.206502355308646
b2492,0.378587981868722
b3514,0.278350006116091
b3753,0.133909483099646
b0821,0.193276827573930
b1868,0.321729544667662
b4281,0.301432585037524
b3678,0.374191011439533
b4356,0.179669311215738
b2420,0.202266422513492
NA,0.421342604188103
b3582,0.266968210699006
b1434,0.115949692691972
b3026,0.200616220355385
b0793,0.443321732895542
b4318,0.319333179813491
b2006,0.352788554976091
b3502,0.166057431097544
b2354,0.345032535176237
b0534,0.181043887244475
b2737,0.346495016960688
b2368,0.290038807031259
b2933,0.220164413715352
b2456,0.233142361642853
b2100,0.346680867070507
b4002,0.121810412132897
b2789,0.141985408234950
b0807,0.306556996640986
b2723,0.109212833726265
b2173,0.260344802836302
b3331,0.264745153557389
b0040,0.337800076145636
b2270,0.173510000936781
b0300,0.307501097360912
b1772,0.320414204662251
b4079,0.271652445641137
b3921,0.248296225315580
b3895,0.345864943456105
b1694,0.200481364172484
b0504,0.364683723643805
b3117,0.380687045793075
b4326,0.253526690938495
b3951,0.316744524763416
b0530,0.0984054241521105
b2483,0.0638146995036761
b1054,0.197997812319126
b3264,0.168136014823155
b2649,0.343907827895996
b0359,0.298276044846396
b2406,0.266854098519806
b3062,0.233343846198696
b1112,0.247627579378544
b1526,0.203396797073286
b0649,0.201990573703152
b3561,0.161345780181329
b0288,0.279551473667737
b0433,0.222311280693040
b3327,0.0702109188195914
b1534,0.307193236639095
b2873,0.267140634358413
b3215,0.153846322505610
b3050,0.322292221662719
b2378,0.261909390350309
b3584,0.325253322788300
b1463,0.319216576264825
b1750,0.100061743215899
b0533,0.303151084382308
b2139,0.240070759561700
b1535,0.349325567770179
b1705,0.253197964669127
b4332,0.270560982122759
b2715,0.132430656842297
b1789,0.316019912042133
b4099,0.217473620998462
b4086,0.280839617051430
b4060,0.148660509116110
b1167,0.161818551516769
b1973,0.311091695117959
b3571,0.325503049731340
b2714,0.299736636517631
b2969,0.194313253844147
b2084,0.238014186683085
b3696,0.167534521897095
b2637,0.203238234331804
b0804,0.330092106838616
b3483,0.167766330560818
b0339,0.210044483207444
b1577,0.365788534282289
b1411,0.0329152233158203
b2208,0.353051605097739
b1157,0.123871772586146
b1309,0.285363884129166
b1355,0.111655568048356
b0270,0.346881713776348
b2776,0.229492663113220
b1762,0.267659508986788
b0024,0.402671776509941
b0366,0.213680027305878
b2469,0.313997931848023
b3135,0.141398434767802
b2203,0.221587417139994
b3060,0.313877090496156
b3214,0.220567286875638
b1775,0.297169103056313
b0234,0.248021216148621
b3668,0.266777696374432
b3227,0.326064407524182
b3808,0.303629495491183
b4338,0.173481806989267
b2365,0.226489798945934
b2761,0.219652788552865
b4128,0.206084688623219
b3159,0.249342068662354
b1226,0.181544837927307
b4195,0.297626301713717
b4101,0.103048447171423
b2990,0.293416036369854
b1351,0.127736183556209
b0913,0.202801321950003
NA,0.0362103367562471
b4239,0.323724646727838
b0686,0.261671010488756
b0038,0.272067044814475
b1558,0.254534086225116
b4087,0.221972606067804
b0560,0.267040914276216
b0427,0.157306765166530
b1522,0.325897505174253
b0303,0.173176305530041
b2429,0.242331423004202
b2486,0.301308588443391
b2956,0.162019732883356
b2386,0.235663050177122
b0342,0.297318320203724
b2583,0.231907897879838
b4385,0.243968207790997
b4145,0.241313725156883
b0561,0.113403741258756
b0294,0.252857809395485
b2250,0.254920325782869
b3507,0.189057301777988
b3577,0.196311565909849
b1240,0.268614910717066
b1338,0.349415268038031
b1156,0.293472211679821
b4065,0.178449339331019
b0554,0.225489237870083
b2210,0.226927179427422
NA,0.124546281353710
b1673,0.264056806324331
b1196,0.331053693566649
b1904,0.113219375707958
b2071,0.228282573384332
b0990,0.0853191273051910
b2311,0.234121527148036
b3711,0.138795477597110
b1722,0.182846806575656
b2705,0.301967709038101
b2945,0.239213082333595
b3874,0.253388364951849
b0263,0.276253892153151
b2117,0.132376432227352
b3374,0.256272180873451
b1978,0.257837878733937
b2766,0.306845875298120
b1346,0.176103363020937
b1567,0.269398963958779
b1560,0.0660676730284307
b4066,0.175715983843195
b1786,0.289607599393262
b1699,0.280437683016402
b3547,0.209745614064479
b0518,0.312746136432069
b1689,0.354056341717310
b4278,0.152077094858572
b2721,0.254585815941658
b3078,0.362299658511144
b2468,0.226266746571481
b1122,0.191770339491275
b1700,0.104656245510565
b3254,0.242474250270744
b1368,0.285673268114608
b4241,0.136918537607993
b0296,0.169887331371730
b1348,0.256923392419113
b1389,0.179152251737308
b2917,0.287874728181131
b0344,0.137044789499359
b0279,0.188042361006659
b3077,0.369653122091220
b2996,0.236311966049376
b1469,0.204684269572138
b3113,0.300792754911220
b3818,0.126346958961641
b4292,0.131883712081393
b0787,0.277353711585926
b0358,0.428112265584394
b2275,0.287334512720658
b1337,0.327154698880575
b1557,0.178966291049338
b0241,0.181483772838229
b1268,0.0322092086340158
b2072,0.243854177573078
b0511,0.133721540427567
b3020,0.200253344813431
b2826,0.193960577154785
b3953,0.253551278677104
b2686,0.249057281773171
b3646,0.188434017074953
b3115,0.170083676292316
b0697,0.291055768878068
b0702,0.144157951981412
b0603,0.138441694934202
b4309,0.274870358633252
b0290,0.273158873527737
b3110,0.236187848342964
b4306,0.327854077082615
b0994,0.177476114110677
b0699,0.153060991915731
b1573,0.297034003386576
b0301,0.243898555454029
b3324,0.136923982442273
b2972,0.144228487862202
b1601,0.167706839438522
b2852,0.188085112316491
b4011,0.240389789386203
b0309,0.273316250431766
b2454,0.291047422222598
b1202,0.221038294214337
b1212,0.135175293720151
b0317,0.302240137972783
b3521,0.241518340498023
b2242,0.174132522557826
b0943,0.282775534243696
b0969,0.198504759014898
b0986,0.144206921375581
b1721,0.232226442995889
b0539,0.0871155664850455
b1159,0.0916414117457757
b0283,0.280074682306424
b3262,0.170004947846723
b1734,0.103745813748090
b2138,0.237426978740316
b0355,0.157092730334473
b1224,0.188559298462688
b2297,0.274555992503013
b2867,0.181098496432919
b1728,0.144606919951981
b1154,0.219795660079887
b3657,0.153565444065116
b1698,0.131554882640719
b3013,0.150713079005991
b0589,0.262278859665701
b1660,0.186043511677497
b2563,0.0910131839564702
NA,0.169200974075379
b0647,0.172474566437265
b1150,0.198876463697824
b1644,0.240158878656035
b3663,0.229799118396762
b2048,0.189828255698449
b2787,0.256561239276936
b4093,0.248829625347081
b3664,0.149921768379170
b1358,0.156528307179326
b3370,0.273147662992033
b1569,0.108124607803081
b1565,0.232402225429774
b3683,0.227352105341796
b3880,0.252111583516345
b1556,0.113116434939475
b0348,0.172351766031683
b2797,0.224983303619448
b2122,0.216875085372743
b0562,0.293760388269934
b2871,0.250461077626562
b2060,0.187943969081562
b1796,0.226436542158647
b0140,0.110650306962262
b3365,0.124448830055693
b3827,0.201720193428024
b3328,0.170821187383809
b2862,0.240049124247527
b2847,0.154383411312647
b2710,0.205847925704985
b2934,0.144712241259247
b0567,0.212153432767020
b4071,0.0708978994451057
b4350,0.129823299268082
b0450,0.168613019828107
b3101,0.246517914477267
b2839,0.0556065317448684
b1936,0.0589218492596823
NA,0.277874867593984
b3693,0.258813737475057
b0816,0.257548948851554
b1808,0.210605108453020
b2047,0.128900872333061
b4073,0.212097511753171
b2226,0.213926543876760
b2073,0.194295977187792
b4148,0.144224573213800
b1596,0.146588975311264
b2987,0.185105777613221
b2706,0.140213984587150
b2919,0.203944159004143
b0873,0.220453389408940
b2044,0.214955073440526
b2455,0.208553413374334
b1155,0.235598841554644
b2256,0.248465857818053
b0833,0.0687617937338117
b0500,0.209466244421025
b2269,0.200812327167282
b2101,0.208747015345829
b2370,0.0924866648980779
b4031,0.275734782534741
b2734,0.193854316290894
b0941,0.167067047053618
b4330,0.193291637559948
b4204,0.127662678931759
b3325,0.167848972293802
b2993,0.240007791950007
b1756,0.136640545756028
b0292,0.212977578241716
b0271,0.250792399682467
b1491,0.213455156453024
b0448,0.264677015283115
b2385,0.208145831349220
NA,0.241077376807751
b1696,0.205616712914755
b0566,0.240399268980919
b1359,0.141470784731871
b3531,0.124837467385023
b0544,0.110747862893074
b0993,0.162785196653383
b2043,0.204645210303132
b3520,0.229041812671891
b0291,0.212646532699681
b1142,0.0553316279827370
b0501,0.0839805234532774
b2362,0.169624942000736
b3241,0.152772400343694
b3223,0.141837229372668
b0559,0.115086787595862
b2452,0.226055301991276
b2251,0.110241819050206
b2373,0.125610964191868
b3765,0.144439521325655
b1362,0.271461085024412
b3364,0.112678133473091
b3369,0.239704152016963
b2838,0.114899736096746
b0797,0.138191442088485
b1501,0.224823624714502
b3667,0.191670390795741
b0320,0.164882992180679
b4193,0.120461165439876
b2725,0.212776617499024
b3722,0.142595554829970
b0012,0.158847429471067
b2407,0.217926967737671
b1465,0.141680323410924
b2444,0.147113668717475
b3173,0.209458902904371
b1316,0.157018178486602
b2108,0.211073495054901
b2077,0.153034462165054
b2558,0.135978487517919
b1425,0.203123601619606
b3158,0.141593745115502
b4296,0.180196268740580
b2212,0.0875566305587104
b1600,0.170609540770935
b4158,0.0676984770911881
b0585,0.168246547737048
NA,0.167911011090816
b2336,0.204048599688869
b3876,0.181211216567983
b2998,0.186726868298018
b1365,0.173338777027619
b4082,0.192783033941319
b4336,0.141078049272206
b2872,0.228266963345158
NA,0.199135430457816
b0036,0.0911262063485429
b2059,0.140798658598123
b1058,0.186846966815731
b3378,0.224164549192529
b0297,0.179525772245341
b1149,0.128484442290591
b0042,0.190573481546006
b1548,0.0958801617085867
b1580,0.233439074018928
b0041,0.121485290147980
b1357,0.123311237012909
b2360,0.170239159483870
b1588,0.112017856290028
b1313,0.228353461705623
b0771,0.186941014634392
b0613,0.189018257619175
b3144,0.173315939982097
b0992,0.224183316477571
b1571,0.0744535951398214
b3586,0.196128257196170
b0363,0.105753060425590
b1561,0.127874933180288
b2228,0.150088790139727
b0899,0.141159120248438
b3332,0.155983167951323
b0612,0.200730292275692
b0278,0.102071131448204
b3446,0.139506915446680
b1121,0.148329408301043
b1645,0.253607833461129
b3587,0.158440179548471
b2161,0.137944925898416
b2648,0.199302142039044
b1489,0.195456502437886
b4116,0.0919954307780046
b2506,0.227838283739836
b0823,0.168218652324079
b3898,0.142024943860998
b1503,0.170103007481080
b4334,0.190228751988497
b4337,0.188850539108952
b2445,0.177431399621361
b3642,0.154614412000600
NA,0.137574259739247
b4182,0.0722563675970744
b0136,0.221968453235703
b0617,0.0878110296539015
b4354,0.229748192735083
b4345,0.101870480291991
b1730,0.118791707810918
b3817,0.190674872741295
b0007,0.197147775291680
b3899,0.0979659991536302
b3902,0.229604236826652
b1451,0.0205738955829233
b1495,0.0432372474491594
b0681,0.210401826920434
b2767,0.144800139176031
b4215,0.133230262547146
b3014,0.205870795568162
b2971,0.115989549170869
b0996,0.180853483686555
b0563,0.149665158233527
b0246,0.180932025508099
b1158,0.174349700787145
b0706,0.179095247443992
b0874,0.107850974151125
b2644,0.0611429432569383
b3145,0.190660360358264
b1801,0.116789013320494
b4081,0.114585407914435
b2357,0.139223013773831
b3142,0.0794278296231869
b1695,0.161405762249644
b0716,0.139989770049726
b1153,0.111457295884148
b2355,0.139366552625972
b1697,0.189898569252273
b2646,0.0929751812205129
b2881,0.144473887306019
NA,0.0709853772410819
b2333,0.0730970789101244
b3879,0.155514030196296
b0614,0.111143203328334
b4130,0.190676884696044
b3137,0.0889307246341309
b3380,0.142125805595064
b3394,0.165506438791686
b4070,0.106764883681051
b0323,0.176196622322187
b3211,0.141262523359020
b2713,0.193631188486567
b3745,0.165431298404388
b0508,0.171135641386911
b3442,0.0844430940062191
b1160,0.134667530616482
b2653,0.0337904229381717
b2503,0.0850517834369952
b3489,0.148021678975570
b1001,0.0994618248332000
b0583,0.172481288300469
b2986,0.213791075929839
b0690,0.182418183200782
b0509,0.105280227861460
b3552,0.135201537777717
b2057,0.153075387127919
b4074,0.0751811715334981
b2045,0.222184723793109
b1041,0.138306144917907
b3720,0.107340278326916
b3047,0.140365992995268
b3061,0.150842000570908
b3903,0.105744489669275
b2491,0.0350543866959334
b2120,0.180025106914680
b2629,0.137491030183596
b0940,0.145592874023649
b3479,0.165661420785632
b1657,0.0531010077525838
b3861,0.0562916222619402
b0327,0.119562367678358
b1391,0.190175886242779
b0691,0.159026799658600
b2123,0.111967206461360
b2252,0.117575438367860
b2052,0.113684213497994
b2879,0.120065959638269
b1317,0.0988903193146170
b2345,0.195468739039005
b4276,0.0739055701717305
b1575,0.0953300893612519
b1532,0.114944726093159
b2645,0.132054478248704
b1347,0.118568120038604
b3615,0.0574303429701859
b0766,0.131486892037649
b1318,0.0713043474654239
b2858,0.0683661108256926
b2870,0.144732561246475
b1553,0.118286599371599
b3086,0.107124930678663
b1336,0.101910964635278
b4380,0.0945058696094861
b2334,0.130136955421920
b3589,0.162447775073894
b4157,0.0824405988761751
b0824,0.0933786298181684
b1497,0.119754820455392
b0139,0.110884748760871
b4347,0.0952255881896179
b1615,0.117373211501313
b1474,0.155326058141740
b4103,0.0489071344582677
b2076,0.185056256176642
b1319,0.118582171666693
b2361,0.127303977098640
b1877,0.0375270827955609
b3721,0.164298290632530
b2387,0.0677611974705412
b2363,0.148985109492133
b0107,0.135269295204388
b4247,0.129662792063925
b0900,0.102453605161240
b2578,0.163632008681097
b2062,0.0608612094179261
b2853,0.167745955205312
b1364,0.0988097847841229
b0218,0.0721315235771577
b1363,0.0664307798697601
b1707,0.132348499721226
b2920,0.119977885661182
b2487,0.127672572659225
b3080,0.0852108430253349
b1352,0.0769109020140392
b4117,0.121516226779460
b2321,0.0941502936006760
b1354,0.0510642645547779
b0531,0.0930778540840178
b2049,0.118155694541448
b1312,0.0923005191312841
b1458,0.0600997125913821
b3719,0.123270559046593
b3680,0.159809421730297
b2056,0.149008357957109
b2238,0.0859527218617326
b1310,0.138753027254168
b0937,0.0713020833053770
b2878,0.0906101696986803
b0061,0.0951173442157295
b2848,0.0575587306358829
b1547,0.175540955197403
b1374,0.116368951969065
b2859,0.0785515073415690
b1386,0.109727439523488
b0245,0.122619778997550
b2888,0.138276976345686
b2356,0.0676614989067986
b1506,0.159026970381482
b0973,0.149537308466403
b2970,0.109572836316042
b0367,0.0639459001166744
b3576,0.115722869720243
b3583,0.119836887356048
b1669,0.145988082633679
b3690,0.0350848240720838
b4288,0.107236845388038
b4027,0.0467586422055231
b4095,0.124300592152146
b2111,0.110017742261480
b2470,0.147622777535110
b4286,0.127219036878866
b1471,0.0599179164956483
b3562,0.0798434414469385
b3681,0.0777735323669868
b0267,0.0868695644677309
b2055,0.0698683361006207
b3578,0.117677909443866
b2641,0.0489387873074516
b2005,0.0556113345278299
b2670,0.0965287172487900
b2846,0.0501979260421178
NA,0.0754881927381582
b2372,0.134115138421505
b1455,0.120465146457146
b0997,0.0362720817973384
b0556,0.0720723357351522
b0939,0.134758245670238
b2070,0.0625390662736181
b3043,0.0970147200120771
b0375,0.118606542558091
b2051,0.0396193937603667
b2680,0.117134368899161
b1551,0.0805544155088807
b2854,0.0854613508872172
b1505,0.110788846551791
b3119,0.0317575712797728
b1499,0.0840488717994049
b3138,0.119752264527428
b3877,0.101426480349906
b3046,0.0325196699475232
b3896,0.0797517180917765
b4156,0.0288235186948357
b3076,0.0680183089574752
b1239,0.114063591021173
b1161,0.0969442636057313
b2110,0.0666398312150299
b0370,0.0264071120095075
b4104,0.0334218417651591
b1543,0.0627112101668907
b3048,0.0797770961885770
b0616,0.107868388301803
b1372,0.108527017241848
b3220,0.0734706427191327
b3120,0.0470594687194238
b3329,0.0400432850799692
b2003,0.0347433170258313
b4115,0.0791483596483669
b1023,0.126373386348628
b3484,0.0311938862746783
b1555,0.0406411400223960
b3596,0.0753926116407157
b3240,0.0564742232648581
b0693,0.0401023073673337
b3478,0.0423362022828578
b1311,0.0258962777581010
b3679,0.0520803860874841
b2482,0.0870798739850904
b0043,0.0999186008572840
b3136,0.0641004319136453
b2596,0.0481229836692945
b2658,0.0517862724154781
b0715,0.0333174194040322
b3659,0.0420186253448941
b1674,0.0478870177154273
b4181,0.0207482052179163
b2845,0.0273793910602923
b3800,0.0570796120551420
b3900,0.0474666133052807
b1785,0.0582084813412314
b3904,0.0225269040149782
b2966,0.0209174434977896
b3141,0.0376225807658147
b1395,0.0738570621332725
b3265,0.0560081201072711
b0535,0.0821690927641376
b3901,0.0171208944489113
b2339,0.0713722055692452
b4102,0.0403354651442850
b4325,0.0292291005151247
b4072,0.0640549628515905
b1599,0.0538522749977499
b4098,0.0462360413457957
b1616,0.0219843086004065
b1933,0.0249524554559030
b4047,0.0292961672803111
b3079,0.0437405386447018
b1549,0.0437745244471028
b0717,0.0210737147135791
b1903,0.0184184286430604
b2358,0.0706205154092763
b2367,0.0754433274004515
b2722,0.0320121391273941
b1502,0.0208477125670772
b3139,0.0349281093807420
b3691,0.0247148727287462
b4096,0.0513532732922897
b2850,0.0701942467764537
b4105,0.0201446286301964
b0013,0.0582442400173163
b2298,0.0448727306594859
b0108,0.0660134837279207
b1576,0.0215681201435525
b2004,0.0335048013536232
b2651,0.0335157443369022
b2109,0.0442385780035142
b2657,0.0244418675656464
b0236,0.0283447121152510
b2481,0.0155828369078022
b1472,0.0455140887322093
b3366,0.0260931071302516
b2383,0.0173089954980936
b1408,0.0149803004350524
b3443,0.0151817207682733
b1979,0.0199980316455758
b4277,0.0132963498638812
b2941,0.00812928582379586
b2857,0.0192878002199423
b0310,0.0139701852609533
b3143,0.0107179475246085
b0045,0.0888541183313964
b0062,0.0475015144830571
b0063,0.0307226367487369
b0085,0.665447328880213
b0248,0.113539944143312
b0289,0.0616281813185788
b0326,0.0882904710951443
b0364,0.00470989287436635
b0510,0.0278093424952233
b0532,0.0460963239689357
b0587,0.0176008052022849
b0615,0.0297001736528754
b0682,0.0285890495864277
b0718,0.0732205803534441
b0719,0.0516111026477041
b1367,0.0449182334773577
b1409,0.0105200978379923
b1470,0.0227939151210473
b1527,0.0710148310109617
b1554,0.0187558856928137
b1690,0.0236327893583129
b1691,0.0679742797000697
b1934,0.0584957011955269
b1935,0.0298996089118785
b2002,0.0278105620491375
b2054,0.0516655742362028
b2162,0.0896333928797872
b2244,0.0271251222464620
b2451,0.0318482457954193
b2484,0.0372307778852851
b2534,0.0613078274125191
b2626,0.196085913736133
b2634,0.0604400709068450
b2643,0.0915534933623729
b2647,0.0127958904882067
b2654,0.0417690293290330
b2724,0.124237152279753
b2778,0.0860988004705926
b2849,0.0600175601319767
b2851,0.187780362426543
b2856,0.0700388677934504
b3104,0.0489734491358641
b3118,0.0633974511271770
b3121,0.00830824597280662
b3558,0.143616910847507
b3595,0.0418051806010088
b3684,0.0596827485083193
b3723,0.0568001297806529
b3875,0.108345004741506
b3975,0.134017957272704
b4003,0.0674569335427561
b4028,0.0136163972702899
b4076,0.0322267656250084
b4083,0.0404633906919109
b4132,0.0141201638148807
b4133,0.0115598505865129
b4185,0.101378093122882
b4186,0.0130554844319879
b4205,0.152200472492933
b4365,0.0721374348686184
