Model Version,Organism Name,Year,Genes,Reactions,Metabolites,Reference,Path,Type,URL
iBsu1103,Bacillus subtilis 168,2009,1103,1437,1138,"Henry et al., 2009",sbml/Bacillus subtilis,sbml,http://dx.doi.org/10.1186/gb-2009-10-6-r69
iCA1273,Escherichia coli K-12 MG1655,2000,660,627,438,"Edwards and Palsson, 2000",sbml/E. Coli,sbml,http://dx.doi.org/10.1128%2FJB.185.21.6400-6408.2003
iJR904,Escherichia coli K-12 MG1655,2003,904,931,625,"Reed et al., 2003",sbml/E. Coli,sbml,http://dx.doi.org/10.1186/gb-2003-4-9-r54
iJO1366,Escherichia coli K-12 MG1655,2006,1366,2251,1136,"Orth et al, 2011",sbml/E. Coli,sbml,http://dx.doi.org/10.1038/msb.2011.65
iAF1260,Escherichia coli K-12 MG1655,2007,1260,2077,1039,"Feist et al., 2007",sbml/E. Coli,sbml,http://dx.doi.org/10.1038%2Fmsb4100155
iIT341,Helicobacter pylori 26695,2005,341,476,485,"Thiele et al., 2005",sbml/Helicobacter pylori,sbml,http://dx.doi.org/10.1128/JB.187.16.5818-5830.2005
iNJ661,Mycobacterium tuberculosis H37Rv,2007,661,939,828,"Jamshidi and Palsson, 2007",sbml/Mycobacterium tuberculosis,sbml,http://dx.doi.org/10.1186/1752-0509-1-26
iND750,Saccharomyces cerevisiae,2004,750,1149,646,"Duarte et al., 2004",sbml/Saccharomyces cerevisiae,sbml,http://dx.doi.org/10.1101%2Fgr.2250904
iRR1083,Salmonella typhimurium LT2,2009,1083,1087,744,"Raghunathan et al., 2009",sbml/Salmonella typhimurium,sbml,http://dx.doi.org/10.1186/1752-0509-3-38
iSB619,Staphylococcus aureus N315,2005,619,724,571,"Becker and Palsson, 2005",sbml/Staphylococcus aureus,sbml,http://dx.doi.org/10.1186/1471-2180-5-8
