<?xml version='1.0' encoding='UTF-8' standalone='no'?>
<!-- Created by MOST version 1.0 on 2013-09-28 14:11 with jsbml version 0.8. -->
<sbml xmlns="http://www.sbml.org/sbml/level3/version1/core" level="3" version="1">
  <model id="someModel1">
    <listOfUnitDefinitions>
      <unitDefinition id="mmol_per_gDW_per_hr" name="mmol_per_gDW_per_hr">
        <listOfUnits>
          <unit scale="-3" kind="mole"/>
          <unit exponent="-1" kind="gram"/>
          <unit exponent="-1" multiplier="0.00027777" kind="second"/>
        </listOfUnits>
      </unitDefinition>
    </listOfUnitDefinitions>
    <listOfCompartments>
      <compartment id="Cytosol"/>
      <compartment id="Periplasm"/>
      <compartment/>
    </listOfCompartments>
    <listOfSpecies>
      <species id="M_10fthf_c" name="M_10_Formyltetrahydrofolate_C20H21N7O7" boundaryCondition="false" compartment="Cytosol"/>
      <species id="M_12dgr120_c" name="M_1_2_Diacyl_sn_glycerol__didodecanoyl__n_C120__C27H52O5" boundaryCondition="false" compartment="Cytosol"/>
      <species id="M_12dgr120_p" name="M_1_2_Diacyl_sn_glycerol__didodecanoyl__n_C120__C27H52O5" boundaryCondition="false" compartment="Periplasm"/>
      <species id="M_zn2_e" boundaryCondition="false"/>
      <species id="M_zn2_p" boundaryCondition="false"/>
    </listOfSpecies>
    <listOfReactions>
      <reaction id="R_12DGR120tipp" name="R_1_2_diacylglycerol_transport_via_flipping__periplasm_to_cytoplasm__n_C120_" reversible="false">
        <listOfReactants>
          <speciesReference species="M_10fthf_c" stoichiometry="1"/>
          <speciesReference species="M_12dgr120_p" stoichiometry="1"/>
        </listOfReactants>
        <listOfProducts>
          <speciesReference species="M_zn2_e" stoichiometry="1"/>
        </listOfProducts>
        <kineticLaw>
          <math xmlns="http://www.w3.org/1998/Math/MathML">          
          </math>
                  <listOfLocalParameters>
            <localParameter id="LOWER_BOUND" value="0" units="mmol_per_gDW_per_hr"/>
            <localParameter id="UPPER_BOUND" value="999999" units="mmol_per_gDW_per_hr"/>
            <localParameter id="OBJECTIVE_COEFFICIENT" value="0"/>
            <localParameter id="FLUX_VALUE" value="0" units="mmol_per_gDW_per_hr"/>
            <localParameter id="REDUCED_COST" value="0"/>
          </listOfLocalParameters>
        </kineticLaw>
      </reaction>
      <reaction id="R_Zn2tex" name="R_zinc__Zn2__transport_via_diffusion__extracellular_to_periplasm_" reversible="true">
        <listOfReactants>
          <speciesReference species="M_zn2_e" stoichiometry="2"/>
        </listOfReactants>
        <listOfProducts>
          <speciesReference species="M_zn2_p" stoichiometry="1"/>
        </listOfProducts>
        <kineticLaw>
          <math xmlns="http://www.w3.org/1998/Math/MathML">          
          </math>
                  <listOfLocalParameters>
            <localParameter id="LOWER_BOUND" value="-999999" units="mmol_per_gDW_per_hr"/>
            <localParameter id="UPPER_BOUND" value="999999" units="mmol_per_gDW_per_hr"/>
            <localParameter id="OBJECTIVE_COEFFICIENT" value="0"/>
            <localParameter id="FLUX_VALUE" value="0.002327" units="mmol_per_gDW_per_hr"/>
            <localParameter id="REDUCED_COST" value="0"/>
          </listOfLocalParameters>
        </kineticLaw>
      </reaction>
    </listOfReactions>
  </model>
</sbml>