<?xml version="1.0" encoding="UTF-8"?>
<sbml xmlns="http://www.sbml.org/sbml/level2" level="2" version="1" xmlns:html="http://www.w3.org/1999/xhtml">
<model id="Ec_iAF1260" name="Ec_iAF1260">
<listOfUnitDefinitions>
	<unitDefinition id="mmol_per_gDW_per_hr">
		<listOfUnits>
			<unit kind="mole" scale="-3"/>
			<unit kind="gram" exponent="-1"/>
			<unit kind="second" multiplier=".00027777" exponent="-1"/>
		</listOfUnits>
	</unitDefinition>
</listOfUnitDefinitions>
<listOfCompartments>
	<compartment id="Extra_organism"/>
	<compartment id="Periplasm" outside="Extra_organism"/>
	<compartment id="Cytosol" outside="Periplasm"/>
</listOfCompartments>
<listOfSpecies>
	<species id="M_10fthf_c" name="M_10_Formyltetrahydrofolate_C20H21N7O7" compartment="Cytosol" charge="-2" boundaryCondition="false"/>
	<species id="M_12dgr120_c" name="M_1_2_Diacyl_sn_glycerol__didodecanoyl__n_C120__C27H52O5" compartment="Cytosol" charge="0" boundaryCondition="false"/>
	<species id="M_12dgr120_p" name="M_1_2_Diacyl_sn_glycerol__didodecanoyl__n_C120__C27H52O5" compartment="Periplasm" charge="0" boundaryCondition="false"/>
</listOfSpecies>
<listOfReactions>
	<reaction id="R_12DGR120tipp" name="R_1_2_diacylglycerol_transport_via_flipping__periplasm_to_cytoplasm__n_C120_" reversible="false">
		<notes>
			<html:p>GENE_ASSOCIATION: </html:p>
			<html:p>PROTEIN_ASSOCIATION: </html:p>
			<html:p>SUBSYSTEM: S_Transport__Inner_Membrane</html:p>
			<html:p>PROTEIN_CLASS: </html:p>
		</notes>
		<listOfReactants>
			<speciesReference species="M_12dgr120_p" stoichiometry="1.000000"/>
		</listOfReactants>
		<listOfProducts>
			<speciesReference species="M_12dgr120_c" stoichiometry="1.000000"/>
		</listOfProducts>
		<kineticLaw>
			<math xmlns="http://www.w3.org/1998/Math/MathML">
				<ci> FLUX_VALUE </ci>
			</math>
			<listOfParameters>
				<parameter id="LOWER_BOUND" value="0.000000" units="mmol_per_gDW_per_hr"/>
				<parameter id="UPPER_BOUND" value="999999.000000" units="mmol_per_gDW_per_hr"/>
				<parameter id="OBJECTIVE_COEFFICIENT" value="0.000000"/>
				<parameter id="FLUX_VALUE" value="0.000000" units="mmol_per_gDW_per_hr"/>
				<parameter id="REDUCED_COST" value="0.000000"/>
			</listOfParameters>
		</kineticLaw>
	</reaction>
        <reaction id="R_Zn2tex" name="R_zinc__Zn2__transport_via_diffusion__extracellular_to_periplasm_" reversible="true">
		<notes>
			<html:p>GENE_ASSOCIATION: ( b0241  or  b0929  or  b1377  or  b2215 )</html:p>
			<html:p>PROTEIN_ASSOCIATION: ( PhoE ) or ( OmpF ) or ( OmpN ) or ( OmpC )</html:p>
			<html:p>SUBSYSTEM: S_Transport__Outer_Membrane_Porin</html:p>
			<html:p>PROTEIN_CLASS: </html:p>
		</notes>
		<listOfReactants>
			<speciesReference species="M_zn2_e" stoichiometry="1.000000"/>
		</listOfReactants>
		<listOfProducts>
			<speciesReference species="M_zn2_p" stoichiometry="1.000000"/>
		</listOfProducts>
		<kineticLaw>
			<math xmlns="http://www.w3.org/1998/Math/MathML">
				<ci> FLUX_VALUE </ci>
			</math>
			<listOfParameters>
				<parameter id="LOWER_BOUND" value="-999999.000000" units="mmol_per_gDW_per_hr"/>
				<parameter id="UPPER_BOUND" value="999999.000000" units="mmol_per_gDW_per_hr"/>
				<parameter id="OBJECTIVE_COEFFICIENT" value="0.000000"/>
				<parameter id="FLUX_VALUE" value="0.002327" units="mmol_per_gDW_per_hr"/>
				<parameter id="REDUCED_COST" value="0.000000"/>
			</listOfParameters>
		</kineticLaw>
	</reaction>
</listOfReactions>
</model>
</sbml>



