EX_12ppd-R(e),0,Inf
EX_12ppd-S(e),0,Inf
EX_14glucan(e),0,Inf
EX_15dap(e),0,Inf
EX_23camp(e),0,Inf
EX_23ccmp(e),0,Inf
EX_23cgmp(e),0,Inf
EX_23cump(e),0,Inf
EX_23dappa(e),0,Inf
EX_26dap-M(e),0,Inf
EX_2ddglcn(e),0,Inf
EX_34dhpac(e),0,Inf
EX_3amp(e),0,Inf
EX_3cmp(e),0,Inf
EX_3gmp(e),0,Inf
EX_3hcinnm(e),0,Inf
EX_3hpppn(e),0,Inf
EX_3ump(e),0,Inf
EX_4abut(e),0,Inf
EX_4hoxpacd(e),0,Inf
EX_5dglcn(e),0,Inf
EX_ac(e),0,Inf
EX_acac(e),0,Inf
EX_acald(e),0,Inf
EX_acgal(e),0,Inf
EX_acgal1p(e),0,Inf
EX_acgam(e),0,Inf
EX_acgam1p(e),0,Inf
EX_acmana(e),0,Inf
EX_acmum(e),0,Inf
EX_acnam(e),0,Inf
EX_acolipa(e),0,Inf
EX_acser(e),0,Inf
EX_ade(e),0,Inf
EX_adn(e),0,Inf
EX_adocbl(e),0,Inf
EX_ag(e),0,Inf
EX_agm(e),0,Inf
EX_akg(e),0,Inf
EX_alaala(e),0,Inf
EX_ala-B(e),0,Inf
EX_ala-D(e),0,Inf
EX_ala-L(e),0,Inf
EX_all-D(e),0,Inf
EX_alltn(e),0,Inf
EX_amp(e),0,Inf
EX_anhgm(e),0,Inf
EX_arab-L(e),0,Inf
EX_arbtn(e),0,Inf
EX_arbtn-fe3(e),0,Inf
EX_arg-L(e),0,Inf
EX_ascb-L(e),0,Inf
EX_asn-L(e),0,Inf
EX_aso3(e),0,Inf
EX_asp-L(e),0,Inf
EX_but(e),0,Inf
EX_butso3(e),0,Inf
EX_ca2(e),-Inf,Inf
EX_cbi(e),0,Inf
EX_cbl1(e),-Inf,Inf
EX_cd2(e),0,Inf
EX_cgly(e),0,Inf
EX_chol(e),0,Inf
EX_cit(e),0,Inf
EX_cl(e),-Inf,Inf
EX_cmp(e),0,Inf
EX_co2(e),-Inf,Inf
EX_cobalt2(e),-Inf,Inf
EX_colipa(e),0,Inf
EX_cpgn(e),0,Inf
EX_cpgn-un(e),0,Inf
EX_crn(e),0,Inf
EX_csn(e),0,Inf
EX_cu(e),0,Inf
EX_cu2(e),-Inf,Inf
EX_cyan(e),0,Inf
EX_cynt(e),0,Inf
EX_cys-D(e),0,Inf
EX_cys-L(e),0,Inf
EX_cytd(e),0,Inf
EX_dad-2(e),0,Inf
EX_damp(e),0,Inf
EX_dca(e),0,Inf
EX_dcmp(e),0,Inf
EX_dcyt(e),0,Inf
EX_ddca(e),0,Inf
EX_dgmp(e),0,Inf
EX_dgsn(e),0,Inf
EX_dha(e),0,Inf
EX_dimp(e),0,Inf
EX_din(e),0,Inf
EX_dms(e),0,Inf
EX_dmso(e),0,Inf
EX_dopa(e),0,Inf
EX_dtmp(e),0,Inf
EX_dump(e),0,Inf
EX_duri(e),0,Inf
EX_eca4colipa(e),0,Inf
EX_enlipa(e),0,Inf
EX_enter(e),0,Inf
EX_etha(e),0,Inf
EX_ethso3(e),0,Inf
EX_etoh(e),0,Inf
EX_f6p(e),0,Inf
EX_fald(e),0,Inf
EX_fe2(e),-Inf,Inf
EX_fe3(e),-Inf,Inf
EX_fe3dcit(e),0,Inf
EX_fe3dhbzs(e),0,Inf
EX_fe3hox(e),0,Inf
EX_fe3hox-un(e),0,Inf
EX_fecrm(e),0,Inf
EX_fecrm-un(e),0,Inf
EX_feenter(e),0,Inf
EX_feoxam(e),0,Inf
EX_feoxam-un(e),0,Inf
EX_for(e),0,Inf
EX_fru(e),0,Inf
EX_frulys(e),0,Inf
EX_fruur(e),0,Inf
EX_fuc-L(e),0,Inf
EX_fum(e),0,Inf
EX_g1p(e),0,Inf
EX_g3pc(e),0,Inf
EX_g3pe(e),0,Inf
EX_g3pg(e),0,Inf
EX_g3pi(e),0,Inf
EX_g3ps(e),0,Inf
EX_g6p(e),0,Inf
EX_gal(e),0,Inf
EX_gal1p(e),0,Inf
EX_gal-bD(e),0,Inf
EX_galct-D(e),0,Inf
EX_galctn-D(e),0,Inf
EX_galctn-L(e),0,Inf
EX_galt(e),0,Inf
EX_galur(e),0,Inf
EX_gam(e),0,Inf
EX_gam6p(e),0,Inf
EX_gbbtn(e),0,Inf
EX_gdp(e),0,Inf
EX_glc(e),-Inf,Inf
EX_glcn(e),0,Inf
EX_glcr(e),0,Inf
EX_glcur(e),0,Inf
EX_glcur1p(e),0,Inf
EX_gln-L(e),0,Inf
EX_glu-L(e),0,Inf
EX_gly(e),0,Inf
EX_glyald(e),0,Inf
EX_glyb(e),0,Inf
EX_glyc(e),0,Inf
EX_glyc2p(e),0,Inf
EX_glyc3p(e),0,Inf
EX_glyclt(e),0,Inf
EX_glyc-R(e),0,Inf
EX_gmp(e),0,Inf
EX_gsn(e),0,Inf
EX_gthox(e),0,Inf
EX_gthrd(e),0,Inf
EX_gtp(e),0,Inf
EX_gua(e),0,Inf
EX_h(e),-Inf,Inf
EX_h2(e),0,Inf
EX_h2o(e),-Inf,Inf
EX_h2o2(e),0,Inf
EX_h2s(e),0,Inf
EX_hacolipa(e),0,Inf
EX_halipa(e),0,Inf
EX_hdca(e),0,Inf
EX_hdcea(e),0,Inf
EX_hg2(e),0,Inf
EX_his-L(e),0,Inf
EX_hom-L(e),0,Inf
EX_hxa(e),0,Inf
EX_hxan(e),0,Inf
EX_idon-L(e),0,Inf
EX_ile-L(e),0,Inf
EX_imp(e),0,Inf
EX_indole(e),0,Inf
EX_inost(e),0,Inf
EX_ins(e),0,Inf
EX_isetac(e),0,Inf
EX_k(e),-Inf,Inf
EX_kdo2lipid4(e),0,Inf
EX_lac-D(e),0,Inf
EX_lac-L(e),0,Inf
EX_LalaDgluMdap(e),0,Inf
EX_LalaDgluMdapDala(e),0,Inf
EX_lcts(e),0,Inf
EX_leu-L(e),0,Inf
EX_lipa(e),0,Inf
EX_lipa_cold(e),0,Inf
EX_lys-L(e),0,Inf
EX_lyx-L(e),0,Inf
EX_mal-D(e),0,Inf
EX_mal-L(e),0,Inf
EX_malt(e),0,Inf
EX_malthx(e),0,Inf
EX_maltpt(e),0,Inf
EX_malttr(e),0,Inf
EX_maltttr(e),0,Inf
EX_man(e),0,Inf
EX_man6p(e),0,Inf
EX_manglyc(e),0,Inf
EX_melib(e),0,Inf
EX_met-D(e),0,Inf
EX_met-L(e),0,Inf
EX_metsox-R-L(e),0,Inf
EX_metsox-S-L(e),0,Inf
EX_mg2(e),-Inf,Inf
EX_minohp(e),0,Inf
EX_mmet(e),0,Inf
EX_mn2(e),-Inf,Inf
EX_mnl(e),0,Inf
EX_mobd(e),-Inf,Inf
EX_mso3(e),0,Inf
EX_n2o(e),0,Inf
EX_na1(e),-Inf,Inf
EX_nac(e),0,Inf
EX_nh4(e),-Inf,Inf
EX_ni2(e),0,Inf
EX_nmn(e),0,Inf
EX_no(e),0,Inf
EX_no2(e),0,Inf
EX_no3(e),0,Inf
EX_o16a4colipa(e),0,Inf
EX_o2(e),-Inf,Inf
EX_o2s(e),0,Inf
EX_ocdca(e),0,Inf
EX_ocdcea(e),0,Inf
EX_octa(e),0,Inf
EX_orn(e),0,Inf
EX_orot(e),0,Inf
EX_pacald(e),0,Inf
EX_peamn(e),0,Inf
EX_phe-L(e),0,Inf
EX_pheme(e),0,Inf
EX_pi(e),-Inf,Inf
EX_pnto-R(e),0,Inf
EX_ppa(e),0,Inf
EX_ppal(e),0,Inf
EX_pppn(e),0,Inf
EX_ppt(e),0,Inf
EX_progly(e),0,Inf
EX_pro-L(e),0,Inf
EX_psclys(e),0,Inf
EX_pser-L(e),0,Inf
EX_ptrc(e),0,Inf
EX_pyr(e),0,Inf
EX_r5p(e),0,Inf
EX_rib-D(e),0,Inf
EX_rmn(e),0,Inf
EX_sbt-D(e),0,Inf
EX_ser-D(e),0,Inf
EX_ser-L(e),0,Inf
EX_skm(e),0,Inf
EX_so2(e),0,Inf
EX_so3(e),0,Inf
EX_so4(e),-Inf,Inf
EX_spmd(e),0,Inf
EX_succ(e),0,Inf
EX_sucr(e),0,Inf
EX_sulfac(e),0,Inf
EX_tartr-L(e),0,Inf
EX_taur(e),0,Inf
EX_tcynt(e),0,Inf
EX_thm(e),0,Inf
EX_thr-L(e),0,Inf
EX_thrp(e),0,Inf
EX_thym(e),0,Inf
EX_thymd(e),0,Inf
EX_tma(e),0,Inf
EX_tmao(e),0,Inf
EX_tre(e),0,Inf
EX_trp-L(e),0,Inf
EX_tsul(e),0,Inf
EX_ttdca(e),0,Inf
EX_ttdcea(e),0,Inf
EX_tungs(e),-Inf,Inf
EX_tym(e),0,Inf
EX_tyr-L(e),0,Inf
EX_tyrp(e),0,Inf
EX_uacgam(e),0,Inf
EX_udpacgal(e),0,Inf
EX_udpg(e),0,Inf
EX_udpgal(e),0,Inf
EX_udpglcur(e),0,Inf
EX_ump(e),0,Inf
EX_ura(e),0,Inf
EX_urea(e),0,Inf
EX_uri(e),0,Inf
EX_val-L(e),0,Inf
EX_xan(e),0,Inf
EX_xmp(e),0,Inf
EX_xtsn(e),0,Inf
EX_xyl-D(e),0,Inf
EX_xylu-L(e),0,Inf
EX_zn2(e),-Inf,Inf
12DGR120tipp,0,Inf
12DGR140tipp,0,Inf
12DGR141tipp,0,Inf
12DGR160tipp,0,Inf
12DGR161tipp,0,Inf
12DGR180tipp,0,Inf
12DGR181tipp,0,Inf
12PPDRtex,-65.0524325352158,65.0524325352158
12PPDRtpp,-Inf,Inf
12PPDStex,-65.0524325352158,65.0524325352158
12PPDStpp,-Inf,Inf
14GLUCANabcpp,0,3.20707958725614
14GLUCANtexi,0,12.6196242700288
23CAMPtex,-65.0524325352158,65.0524325352158
23CCMPtex,-65.0524325352158,65.0524325352158
23CGMPtex,-65.0524325352158,65.0524325352158
23CUMPtex,-65.0524325352158,65.0524325352158
23DAPPAt2pp,0,Inf
23DAPPAtex,-65.0524325352158,65.0524325352158
23PDE2pp,0,3.42748944919495
23PDE4pp,0,3.42748944919495
23PDE7pp,0,3.42748944919495
23PDE9pp,0,3.42748944919495
26DAHtex,-65.0524325352158,65.0524325352158
2AGPA120tipp,0,0.147682678162340
2AGPA140tipp,0,0.147682678162340
2AGPA141tipp,0,0.147682678162340
2AGPA160tipp,0,0.147682678162340
2AGPA161tipp,0,0.147682678162340
2AGPA180tipp,0,0.147682678162340
2AGPA181tipp,0,0.147682678162340
2AGPE120tipp,0,0.147682678162340
2AGPE140tipp,0,0.147682678162340
2AGPE141tipp,0,0.147682678162340
2AGPE160tipp,0,0.147682678162340
2AGPE161tipp,0,0.147682678162340
2AGPE180tipp,0,0.147682678162340
2AGPE181tipp,0,0.147682678162340
2AGPEAT120,0,1.32697656588380
2AGPEAT140,0,1.32697656588380
2AGPEAT141,0,1.32697656588380
2AGPEAT160,0,1.32697656588380
2AGPEAT161,0,1.32697656588380
2AGPEAT180,0,1.32697656588380
2AGPEAT181,0,1.32697656588380
2AGPG120tipp,0,0.147682678162340
2AGPG140tipp,0,0.147682678162340
2AGPG141tipp,0,0.147682678162340
2AGPG160tipp,0,0.147682678162340
2AGPG161tipp,0,0.147682678162340
2AGPG180tipp,0,0.147682678162340
2AGPG181tipp,0,0.147682678162340
2AGPGAT120,0,1.32697656588380
2AGPGAT140,0,1.32697656588380
2AGPGAT141,0,1.32697656588380
2AGPGAT160,0,1.32697656588380
2AGPGAT161,0,1.32697656588380
2AGPGAT180,0,1.32697656588380
2AGPGAT181,0,1.32697656588380
2DGLCNRx,0,0.260876569794432
2DGLCNRy,0,0.260876569794432
2DGULRx,0,0.260876569794432
2DGULRy,0,0.260876569794432
2MAHMP,0,4.17961505852151
34dhpactex,-65.0524325352158,65.0524325352158
3AMPtex,-65.0524325352158,65.0524325352158
3CMPtex,-65.0524325352158,65.0524325352158
3GMPtex,-65.0524325352158,65.0524325352158
3HAD100,0,20.6642116932489
3HAD120,0,20.6642116932489
3HAD121,0,20.6642116932489
3HAD140,0,20.6642116932489
3HAD141,0,20.6642116932489
3HAD160,0,20.6642116932489
3HAD161,0,20.6642116932489
3HAD180,0,20.6642116932489
3HAD181,0,20.6642116932489
3HAD40,0,20.6642116932489
3HAD60,0,20.6642116932489
3HAD80,0,20.6642116932489
3HCINNMH,0,0.213599414871167
3HPPPNH,0,0.213599414871167
3KGK,0,0.526106486524771
3NTD2pp,0,3.42748944919495
3NTD4pp,0,3.42748944919495
3NTD7pp,0,3.42748944919495
3NTD9pp,0,3.42748944919495
3OAR100,-26.0635794085860,26.0635794085860
3OAR120,-26.0635794085860,26.0635794085860
3OAR121,0,26.0635794085860
3OAR140,-26.0635794085860,26.0635794085860
3OAR141,0,26.0635794085860
3OAR160,-26.0635794085860,26.0635794085860
3OAR161,0,26.0635794085860
3OAR180,-26.0635794085860,26.0635794085860
3OAR181,0,26.0635794085860
3OAR40,-26.0635794085860,26.0635794085860
3OAR60,-26.0635794085860,26.0635794085860
3OAR80,-26.0635794085860,26.0635794085860
3OAS100,0,12.8238714986143
3OAS120,0,12.8238714986143
3OAS121,0,10.3432313702025
3OAS140,0,12.8238714986143
3OAS141,0,10.3432313702025
3OAS160,0,12.8238714986143
3OAS161,0,10.3432313702025
3OAS180,0,12.8238714986143
3OAS181,0,2.48064012841183
3OAS60,0,12.8238714986143
3OAS80,0,12.8238714986143
3PEPTabcpp,0,0.300128295176247
3PEPTtex,-65.0524325352158,65.0524325352158
3UMPtex,-65.0524325352158,65.0524325352158
42A12BOOXpp,0,0.109727439523488
4HOXPACDtex,-65.0524325352158,65.0524325352158
4HTHRS,0,16.7451027674543
4PCP,0,0.786439432808178
4PCPpp,0,Inf
4PEPTabcpp,0,0.300128295176247
4PEPTtex,-65.0524325352158,65.0524325352158
5DGLCNR,-0.428705798752267,0.428705798752267
5DGLCNt2rpp,-0.540125713524736,0.540125713524736
5DGLCNtex,-65.0524325352158,65.0524325352158
5DOAN,0,0.755451515842395
A5PISO,-3.14384740169259,3.14384740169259
AACPS1,0,1.32697656588380
AACPS2,0,1.32697656588380
AACPS3,0,1.32697656588380
AACPS4,0,1.32697656588380
AACPS5,0,1.32697656588380
AACPS6,0,1.32697656588380
AACPS7,0,1.32697656588380
AACPS8,0,1.32697656588380
AACPS9,0,1.32697656588380
AACTOOR,0,Inf
AADDGT,0,Inf
AAMYL,0,3.48373643650597
AAMYLpp,0,0.325503049731340
AB6PGH,0,4.28032689325602
ABTA,0,7.17139465916078
ABUTD,0,9.45344932880451
ABUTt2pp,0,1.51409024918378
ABUTtex,-65.0524325352158,65.0524325352158
ACACCT,0,0.148604548011521
ACACT1r,-16.5722454497950,16.5722454497950
ACACt2pp,-0.128885316589700,0.128885316589700
ACACtex,-65.0524325352158,65.0524325352158
ACALD,-5.31493789448452,5.31493789448452
ACALDtex,-65.0524325352158,65.0524325352158
ACALDtpp,-Inf,Inf
ACANTHAT,0,0.319216576264825
ACBIPGT,0,2.34844198208261
ACCOAC,0,1.29810903130440
ACCOAL,0,5.70473220942498
ACGAL1PPpp,0,Inf
ACGAL1Ptex,-65.0524325352158,65.0524325352158
ACGALtex,-65.0524325352158,65.0524325352158
ACGAM1PPpp,0,Inf
ACGAM1Ptex,-65.0524325352158,65.0524325352158
ACGAMK,0,2.08676018201761
ACGAMT,0,1.40517961637473
ACGAptspp,0,28.9380107503327
ACGAtex,-65.0524325352158,65.0524325352158
ACGK,0,5.49918811047084
ACGS,0,1.02793137965405
ACHBS,0,9.59600505295196
ACKr,-4.66393700597250,4.66393700597250
ACLS,0,9.59600505295196
ACM6PH,0,Inf
ACMAMUT,0,3.87453299070195
ACMANAptspp,0,8.00057068349623
ACMANAtex,-65.0524325352158,65.0524325352158
ACMUMptspp,0,0.242331423004202
ACMUMtex,0,65.0524325352158
ACNAMt2pp,0,0.493970845917968
ACNAMtex,-66.6669557364022,66.6669557364022
ACNML,0,0.700896782706594
ACOAD1f,-4.51923834058729,4.51923834058729
ACOAD2f,-4.51923834058729,4.51923834058729
ACOAD3f,-4.51923834058729,4.51923834058729
ACOAD4f,-4.51923834058729,4.51923834058729
ACOAD5f,-4.51923834058729,4.51923834058729
ACOAD6f,-4.51923834058729,4.51923834058729
ACOAD7f,-4.51923834058729,4.51923834058729
ACOAD8f,-4.51923834058729,4.51923834058729
ACOATA,-7.89427185382740,7.89427185382740
ACODA,0,2.14781196938260
ACOLIPAtex,0,Inf
ACONIs,-Inf,Inf
ACONMT,0,3.30101708681598
ACONTa,-35.7448126120524,35.7448126120524
ACONTb,-35.7448126120524,35.7448126120524
ACOTA,-7.79044348171300,7.79044348171300
ACPS1,0,0.963146400472237
ACS,0,19.1961334824482
ACSERtex,-65.0524325352158,65.0524325352158
ACSERtpp,0,1.76716170991295
ACt2rpp,-Inf,Inf
ACt4pp,0,13.1811907436183
ACtex,-65.0524325352158,65.0524325352158
ADA,0,1.30461144612055
ADCL,0,0.715799717546592
ADCS,0,0.871169808971553
ADD,0,0.516566009441820
ADEt2rpp,-0.697392322746565,0.697392322746565
ADEtex,-65.0524325352158,65.0524325352158
ADK1,-7.14303332096186,7.14303332096186
ADK3,-7.14303332096186,7.14303332096186
ADK4,-7.14303332096186,7.14303332096186
ADMDC,0,4.33142017346754
ADNCYC,0,1.72332306856717
ADNK1,0,7.14303332096186
ADNt2pp,0,5.48731787373584
ADNt2rpp,-0.266854098519806,0.266854098519806
ADNtex,-6.31572028881628,6.31572028881628
ADNUC,0,1.77171309262153
ADOCBIK,0,2.34844198208261
ADOCBLabcpp,0,0.125060128240418
ADOCBLS,0,5.29278065367970
ADOCBLtonex,0,1.04526245007230
ADPRDP,0,1.27573386909984
ADPT,0,2.08077788383437
ADSK,0,2.72186596299945
ADSL1r,-2.80340083062653,2.80340083062653
ADSL2r,-2.80340083062653,2.80340083062653
ADSS,0,13.0288154541050
AGDC,0,5.27672251032143
AGM3PA,0,1.37099079330462
AGM3PApp,0,2.92979656091088
AGM3PH,0,9.62058703558575
AGM3Pt2pp,0,0.222311280693040
AGM4PA,0,1.37099079330462
AGM4PApp,0,2.92979656091088
AGM4PCP,0,0.786439432808178
AGM4PCPpp,0,Inf
AGM4PH,0,9.62058703558575
AGM4Pt2pp,0,0.222311280693040
AGMH,0,9.62058703558575
AGMHE,0,3.52548528772308
AGMT,0,1.74174479153499
AGMt2pp,0,0.222311280693040
AGMtex,-65.0524325352158,65.0524325352158
AGPAT120,0,1.01905771156044
AGPAT140,0,1.01905771156044
AGPAT141,0,1.01905771156044
AGPAT160,0,1.01905771156044
AGPAT161,0,1.01905771156044
AGPAT180,0,1.01905771156044
AGPAT181,0,1.01905771156044
AGPR,-4.19715034136294,4.19715034136294
AGt3,0,1.80307117097484
AHCYSNS,0,0.755451515842395
AICART,-1.60682595588069,1.60682595588069
AIRC2,0,1.03384963499839
AIRC3,-0.402639135315669,0.402639135315669
AKGDH,0,12.7734647027787
AKGt2rpp,-21.8917216997298,21.8917216997298
AKGtex,-65.0524325352158,65.0524325352158
ALAabcpp,0,1.92839810047499
ALAALAabcpp,0,1.60904306766944
ALAALAD,0,4.63735152267792
ALAALAr,-5.73455341159395,5.73455341159395
ALAALAtex,-65.0524325352158,65.0524325352158
ALAGLUE,-5.48873986491636,5.48873986491636
ALAR,-5.85827055592124,5.85827055592124
ALAt2pp,0,4.14099592551389
ALAt4pp,0,0.197147775291680
ALATA_D2,0,5.70853188117267
ALATA_L,-Inf,Inf
ALATA_L2,0,5.70853188117267
ALAtex,-65.0524325352158,65.0524325352158
ALATRS,0,9.35511899258584
ALCD19,-2.58028278575531,2.58028278575531
ALCD2x,-16.2009887642559,16.2009887642559
ALDD19x,0,0.491196041970612
ALDD2x,0,1.79168857940740
ALDD2y,0,10.5385453988584
ALDD3y,0,10.5385453988584
ALDD4,0,Inf
ALLabcpp,0,0.221972606067804
ALLK,0,0.270158366263809
ALLPI,-3.04966755791503,3.04966755791503
ALLTAMH,0,2.46626041277621
ALLtex,-65.0524325352158,65.0524325352158
ALLTN,0,1.15743122425745
ALLTNt2rpp,-0.133721540427567,0.133721540427567
ALLTNtex,-65.0524325352158,65.0524325352158
ALLULPE,-0.377920317752244,0.377920317752244
ALPATE160pp,0,0.301813942140794
ALPATG160pp,0,0.301813942140794
ALR2,0,10.9433915747075
ALR4x,0,0.572212233563804
ALTRH,0,0.352152882417154
AM3PA,0,1.37099079330462
AM4PA,0,1.37099079330462
AM4PCP,0,0.786439432808178
AMALT1,0,3.45269483782234
AMALT2,0,3.45269483782234
AMALT3,0,3.45269483782234
AMALT4,0,3.45269483782234
AMANAPEr,-0.141837229372668,0.141837229372668
AMANK,0,0.725486535246600
AMAOTr,-0.978814354059970,0.978814354059970
AMMQLT8,0,2.62074578942039
AMPMS2,0,9.57064847780989
AMPN,0,2.52250263428443
AMPTASECG,0,15.9214996513505
AMPTASEPG,0,15.9214996513505
AMPtex,-65.0524325352158,65.0524325352158
ANHGMtex,-65.0524325352158,65.0524325352158
ANHMK,0,1.56224201943056
ANPRT,0,5.39273303496443
ANS,0,2.72200977144765
AOBUTDs,0,Inf
AOXSr,-1.04751827396945,1.04751827396945
AP4AH,0,0.458802377268687
AP5AH,0,0.458802377268687
APRAUR,0,3.86094517303459
ARAI,-0.0475015144830571,0.0475015144830571
ARBabcpp,0,0.508784094286177
ARBt2rpp,-0.597808165596071,0.597808165596071
ARBt3ipp,0,0.196946164515362
ARBtex,-65.0524325352158,65.0524325352158
ARBTNabcpp,0,0.370017881262442
ARBTNexs,0,Inf
ARBTNR1,0,Inf
ARBTNR2,0,Inf
ARBTNR3,0,Inf
ARBTNtex,0,Inf
ARBTNtonex,0,Inf
ARBTNtpp,0,Inf
ARGabcpp,0,4.09628257778846
ARGAGMt7pp,-0.0791483596483669,0.0791483596483669
ARGDC,0,0.121516226779460
ARGDCpp,0,1.04178001501044
ARGORNt7pp,-1.72440305435401,1.72440305435401
ARGSL,-1.75376564983273,1.75376564983273
ARGSS,0,0.984800916179405
ARGt3pp,0,0.359533822412688
ARGtex,-65.0524325352158,65.0524325352158
ARGTRS,0,2.01257756593594
ASAD,-9.31960995075314,9.31960995075314
ASCBPL,0,0.267532060146372
ASCBptspp,0,0.120461165439876
ASCBtex,-65.0524325352158,65.0524325352158
ASNabcpp,0,Inf
ASNN,0,5.89238889663615
ASNNpp,0,0.250906476060260
ASNS1,0,2.29834727349660
ASNS2,0,0.588788986273045
ASNt2rpp,-0.422021224968036,0.422021224968036
ASNtex,-65.0524325352158,65.0524325352158
ASNTRS,0,2.86843952298193
ASO3t8pp,0,0.166057431097544
ASO3tex,-65.0524325352158,65.0524325352158
ASP1DC,0,0.696003930555690
ASPabcpp,0,0.385976917156415
ASPCT,0,8.89484635456409
ASPK,-11.1437656501519,11.1437656501519
ASPO3,0,0.416390114170172
ASPO4,0,0.416390114170172
ASPO5,0,0.416390114170172
ASPO6,0,0.416390114170172
ASPT,0,8.75054087465369
ASPt2_2pp,0,12.9041001553141
ASPt2_3pp,0,1.96925616961364
ASPt2pp,0,0.403307884581194
ASPTA,-8.32545682270620,8.32545682270620
ASPtex,-65.0524325352158,65.0524325352158
ASPTRS,0,7.26513636288239
ASR,0,0.699258982080249
AST,0,2.46236963837030
ATHRDHr,-3.22208888791064,3.22208888791064
ATPHs,0,Inf
ATPM,0,Inf
ATPPRT,0,16.0794452480360
ATPS4rpp,-16.8990774432820,16.8990774432820
BALAt2pp,0,4.14099592551389
BALAtex,-65.0524325352158,65.0524325352158
BETALDHx,0,1.30187772963457
BETALDHy,0,1.30187772963457
BPNT,0,Inf
BSORx,0,0.176137825157341
BSORy,0,0.176137825157341
BTS4,0,2.38514583380379
BUTCT,0,0.148604548011521
BUTSO3abcpp,0,0.645840902552887
BUTSO3tex,-65.0524325352158,65.0524325352158
BUTt2rpp,-0.128885316589700,0.128885316589700
BUTtex,-65.0524325352158,65.0524325352158
CA2t3pp,0,0.858424508163744
CA2tex,-65.0524325352158,65.0524325352158
CADVtpp,0,0.0141201638148807
CAT,0,20.5543475998163
CAt6pp,-2.98555547334922,2.98555547334922
CBIAT,-1.32117200916318,1.32117200916318
CBItonex,0,1.04526245007230
CBIuabcpp,0,0.125060128240418
CBL1abcpp,0,0.125060128240418
CBL1tonex,0,1.04526245007230
CBLAT,-1.32117200916318,1.32117200916318
CBMKr,-1.73111936811511,1.73111936811511
CBPS,0,7.98841542389238
CD2abcpp,0,0.936027879752363
CD2t3pp,0,8.66882413182880
CD2tex,-65.0524325352158,65.0524325352158
CD2tpp,0,2.41558707339259
CDAPPA120,0,0.246985846571665
CDAPPA140,0,0.246985846571665
CDAPPA141,0,0.246985846571665
CDAPPA160,0,0.246985846571665
CDAPPA161,0,0.246985846571665
CDAPPA180,0,0.246985846571665
CDAPPA181,0,0.246985846571665
CDPMEK,0,7.22257037466825
CFAS160E,0,1.15542703425510
CFAS160G,0,1.15542703425510
CFAS180E,0,1.15542703425510
CFAS180G,0,1.15542703425510
CGLYabcpp,0,1.26194061318949
CGLYtex,-65.0524325352158,65.0524325352158
CHLabcpp,0,0.315215425792741
CHLt2pp,0,1.17345734455440
CHLtex,-65.0524325352158,65.0524325352158
CHORM,0,15.9076255146717
CHORS,0,10.5006467253356
CHRPL,0,6.59064674009969
CINNDO,0,0.328412766366694
CITL,0,0.0297001736528754
CITt7pp,0,0.200730292275692
CITtex,-65.0524325352158,65.0524325352158
CLIPAtex,0,Inf
CLPNH120pp,0,Inf
CLPNH140pp,0,Inf
CLPNH141pp,0,Inf
CLPNH160pp,0,Inf
CLPNH161pp,0,Inf
CLPNH180pp,0,Inf
CLPNH181pp,0,Inf
CLPNS120pp,-2.29294806234017,2.29294806234017
CLPNS140pp,-2.29294806234017,2.29294806234017
CLPNS141pp,-2.29294806234017,2.29294806234017
CLPNS160pp,-2.29294806234017,2.29294806234017
CLPNS161pp,-2.29294806234017,2.29294806234017
CLPNS180pp,-2.29294806234017,2.29294806234017
CLPNS181pp,-2.29294806234017,2.29294806234017
CLt3_2pp,0,2.40446770410456
CLtex,-65.0524325352158,65.0524325352158
CMPN,0,Inf
CMPtex,-65.0524325352158,65.0524325352158
CO2tex,-65.0524325352158,65.0524325352158
CO2tpp,-Inf,Inf
COBALT2abcpp,0,0.936027879752363
COBALT2t3pp,0,8.66882413182880
COBALT2tex,-65.0524325352158,65.0524325352158
COBALT2tpp,0,7.00484586026683
COLIPAabcpp,0,2.52538075434107
COLIPAtex,0,Inf
CPGNabcpp,0,0.370017881262442
CPGNexs,0,Inf
CPGNR1,0,Inf
CPGNR2,0,Inf
CPGNR3,0,Inf
CPGNtonex,0,0.409461941826728
CPGNUtex,0,Inf
CPGNUtpp,0,Inf
CPPPGO,0,1.21912892137278
CPPPGO2,0,1.17555780132856
CRNabcpp,0,0.844741588101636
CRNBTCT,-0.272067044814475,0.272067044814475
CRNCAL2,0,0.366270942420697
CRNCAR,-0.0911262063485429,0.0911262063485429
CRNCBCT,-0.272067044814475,0.272067044814475
CRNCDH,-0.0911262063485429,0.0911262063485429
CRNDabcpp,0,0.844741588101636
CRNDCAL2,0,0.366270942420697
CRNDt2rpp,-0.496608406533856,0.496608406533856
CRNt2rpp,-0.496608406533856,0.496608406533856
CRNt7pp,0,0.337800076145636
CRNt8pp,0,0.337800076145636
CRNtex,-65.0524325352158,65.0524325352158
CS,0,7.13072046948544
CSND,0,2.76119231205209
CSNt2pp,0,4.65400996485534
CSNtex,-65.0524325352158,65.0524325352158
CTBTabcpp,0,0.844741588101636
CTBTCAL2,0,0.366270942420697
CTBTt2rpp,-0.496608406533856,0.496608406533856
CTPS2,0,4.05892813277514
CU1abcpp,0,3.26525496492580
CU1Opp,0,2.79874332062095
CU2abcpp,0,0.936027879752363
CU2tex,-65.0524325352158,65.0524325352158
CU2tpp,0,2.41558707339259
CUt3,0,1.80307117097484
CUtex,-65.0524325352158,65.0524325352158
CYANST,0,0.964813405734054
CYANSTpp,0,5.22507281391001
CYANtex,-65.0524325352158,65.0524325352158
CYNTAH,0,1.22412833436241
CYNTt2pp,0,0.603115876050305
CYNTtex,-65.0524325352158,65.0524325352158
CYSabc2pp,0,1.55362051193555
CYSabcpp,0,Inf
CYSDabcpp,0,Inf
CYSDDS,0,4.23670562547433
CYSDS,0,14.9935869331238
CYSDtex,-65.0524325352158,65.0524325352158
CYSS,0,21.8014914578467
CYSSADS,0,0.212713661174218
CYStex,-65.0524325352158,65.0524325352158
CYSTL,0,3.56721329052232
CYStpp,0,1.76716170991295
CYSTRS,0,1.15971886398256
CYTBD2pp,0,0.898310470240032
CYTBDpp,0,11.4246051048130
CYTBO3_4pp,0,13.9426277454089
CYTD,0,1.86243847355927
CYTDH,0,3.95663056616512
CYTDK2,0,1.62805763000483
CYTDt2pp,0,5.48731787373584
CYTDt2rpp,-0.266854098519806,0.266854098519806
CYTDtex,-65.0524325352158,65.0524325352158
CYTK1,-6.94021758291563,6.94021758291563
CYTK2,-6.94021758291563,6.94021758291563
DAAD,0,4.69342440634164
DADA,0,1.30461144612055
DADK,-7.14303332096186,7.14303332096186
DADNt2pp,0,5.48731787373584
DADNtex,-6.31572028881628,6.31572028881628
DAGK120,0,1.03782432299998
DAGK140,0,1.03782432299998
DAGK141,0,1.03782432299998
DAGK160,0,1.03782432299998
DAGK161,0,1.03782432299998
DAGK180,0,1.03782432299998
DAGK181,0,1.03782432299998
DALAt2pp,0,4.14099592551389
DALAtex,-65.0524325352158,65.0524325352158
DAMPtex,-65.0524325352158,65.0524325352158
DAPabcpp,0,Inf
DAPAL,0,0.250461077626562
DAPDC,0,0.114899736096746
DAPE,-2.75776880544566,2.75776880544566
DAPtex,-65.0524325352158,65.0524325352158
DASYN120,0,2.39471245626943
DASYN140,0,2.39471245626943
DASYN141,0,2.39471245626943
DASYN160,0,2.39471245626943
DASYN161,0,2.39471245626943
DASYN180,0,2.39471245626943
DASYN181,0,2.39471245626943
DATPHs,0,Inf
DB4PS,0,2.73246571967814
DBTS,0,0.495627139274209
DCAtex,-65.0524325352158,65.0524325352158
DCMPtex,-65.0524325352158,65.0524325352158
DCTPD,0,2.55499619088557
DCYTD,0,1.86243847355927
DCYTt2pp,0,5.48731787373584
DCYTtex,-6.31572028881628,6.31572028881628
DDCAtexi,0,9.12838441242717
DDGALK,0,0.258813737475057
DDGLCNt2rpp,-0.604903792659339,0.604903792659339
DDGLCNtex,-65.0524325352158,65.0524325352158
DDGLK,0,0.812806749012610
DDPA,0,25.6763921916169
DDPGALA,-Inf,Inf
DGK1,-6.04626708359114,6.04626708359114
DGMPtex,-65.0524325352158,65.0524325352158
DGSNt2pp,0,0.700071126542026
DGSNtex,-65.0524325352158,65.0524325352158
DHAD1,0,2.16019904205356
DHAD2,0,2.16019904205356
DHAPT,0,0.276020514145603
DHAtex,-65.0524325352158,65.0524325352158
DHAtpp,-Inf,Inf
DHBD,-1.34476954462771,1.34476954462771
DHBS,0,0.382918826355132
DHBSH,0,Inf
DHCIND,0,0.250946326049715
DHCINDO,0,0.172351766031683
DHDPRy,0,1.66838723159819
DHDPS,0,3.36224538335661
DHFR,-1.71329895083991,1.71329895083991
DHFS,0,3.83669202556567
DHNAOT4,0,1.19938883327764
DHNPA2,0,0.743180127627032
DHORD2,0,0.381125482440126
DHORD5,0,0.381125482440126
DHORTS,-2.79872639174107,2.79872639174107
DHPPD,0,0.250946326049715
DHPPDA2,0,3.86094517303459
DHPS2,0,1.13098919615895
DHPTDCs,0,Inf
DHPTPE,-6.35617508719915,6.35617508719915
DHQS,0,9.27268937489973
DHQTi,0,2.08010406051928
DIMPtex,-65.0524325352158,65.0524325352158
DINSt2pp,0,0.700071126542026
DINStex,-65.0524325352158,65.0524325352158
DKGLCNR1,0,4.42058329484228
DKGLCNR2x,0,0.260876569794432
DKGLCNR2y,0,0.260876569794432
DKMPPD,0,Inf
DKMPPD3,0,Inf
D-LACt2pp,-4.53124185676252,4.53124185676252
D-LACtex,-65.0524325352158,65.0524325352158
D4HBA,0,Inf
D5DRIB,0,Inf
DAACALD,0,Inf
DHMFURN,0,Inf
DOXAM,0,Inf
DMATT,0,1.60386726375477
DMPPS,0,1.06526080914490
DMQMT,0,0.719632378182538
DMSOR1,0,0.255796249011914
DMSOR1pp,0,0.435573126364239
DMSOR2,0,0.143778392721886
DMSOR2pp,0,0.435573126364239
DMSOtex,-65.0524325352158,65.0524325352158
DMStex,-65.0524325352158,65.0524325352158
DNMPPA,0,Inf
DNTPPA,0,8.56296404242939
DOGULNR,0,0.464347954323425
DOPAtex,-65.0524325352158,65.0524325352158
DPCOAK,0,2.27418373061943
DPR,0,7.92993174757555
DRPA,0,3.00014221710203
DSBAO1,0,1.90099676574746
DSBAO2,0,1.90099676574746
DSBCGT,0,0.830626438805078
DSBDR,0,2.66264533356831
DSBGGT,0,0.945309699899817
DSERDHr,-3.22208888791064,3.22208888791064
DSERt2pp,0,4.14099592551389
DSERtex,-65.0524325352158,65.0524325352158
DTMPK,-1.07734244967536,1.07734244967536
DTMPtex,-65.0524325352158,65.0524325352158
DUMPtex,-65.0524325352158,65.0524325352158
DURIK1,0,0.925329224088799
DURIPP,-11.9093387662400,11.9093387662400
DURIt2pp,0,5.48731787373584
DURItex,-6.31572028881628,6.31572028881628
DUTPDP,0,3.32767216872253
DXPRIi,0,1.78217082384361
DXPS,0,1.74970075125052
DXYLK,0,1.69407514251309
E4PD,-12.4381040993145,12.4381040993145
EAR100x,0,5.56514640376761
EAR100y,0,5.56514640376761
EAR120x,0,5.56514640376761
EAR120y,0,5.56514640376761
EAR121x,0,5.56514640376761
EAR121y,0,5.56514640376761
EAR140x,0,5.56514640376761
EAR140y,0,5.56514640376761
EAR141x,0,5.56514640376761
EAR141y,0,5.56514640376761
EAR160x,0,5.56514640376761
EAR160y,0,5.56514640376761
EAR161x,0,5.56514640376761
EAR161y,0,5.56514640376761
EAR180x,0,5.56514640376761
EAR180y,0,5.56514640376761
EAR181x,0,5.56514640376761
EAR181y,0,5.56514640376761
EAR40x,0,5.56514640376761
EAR40y,0,5.56514640376761
EAR60x,0,5.56514640376761
EAR60y,0,5.56514640376761
EAR80x,0,5.56514640376761
EAR80y,0,5.56514640376761
ECA4COLIPAtex,0,Inf
ECA4OALpp,0,3.37317273867391
ECAP1pp,0,1.00669156050071
ECAP2pp,0,1.00669156050071
ECAP3pp,0,1.00669156050071
ECAtpp,0,2.69365743471630
ECOAH1,-20.8924007321784,20.8924007321784
ECOAH2,-20.8924007321784,20.8924007321784
ECOAH3,-20.8924007321784,20.8924007321784
ECOAH4,-20.8924007321784,20.8924007321784
ECOAH5,-20.8924007321784,20.8924007321784
ECOAH6,-20.8924007321784,20.8924007321784
ECOAH7,-20.8924007321784,20.8924007321784
ECOAH8,-20.8924007321784,20.8924007321784
EDA,0,2.66208083011102
EDD,0,5.37408580221069
EDTXS1,0,0.197997812319126
EDTXS2,0,2.28009481460911
EDTXS3,0,0.261909390350309
EDTXS4,0,2.28009481460911
ENLIPAtex,0,Inf
ENO,-11.6557055741770,11.6557055741770
ENTCS,0,0.172481288300469
ENTERES,0,0.168246547737048
ENTERES2,0,0.168246547737048
ETHAAL,0,1.15477202821135
ETHAt2pp,0,Inf
ETHAtex,-65.0524325352158,65.0524325352158
ETHSO3abcpp,0,0.581895002436213
ETHSO3tex,-65.0524325352158,65.0524325352158
ETOHt2rpp,-Inf,Inf
ETOHtex,-65.0524325352158,65.0524325352158
F6PA,-0.586116513446965,0.586116513446965
F6PP,0,0.238456078217785
F6Pt6_2pp,0,3.55035072016267
F6Ptex,-65.0524325352158,65.0524325352158
FA100ACPHi,0,0.908041067638013
FA120ACPHi,0,0.908041067638013
FA140ACPHi,0,0.908041067638013
FA141ACPHi,0,0.908041067638013
FA160ACPHi,0,0.908041067638013
FA161ACPHi,0,0.908041067638013
FA80ACPHi,0,0.908041067638013
FACOAE100,0,1.25626555281828
FACOAE120,0,1.25626555281828
FACOAE140,0,1.25626555281828
FACOAE141,0,1.25626555281828
FACOAE160,0,1.25626555281828
FACOAE161,0,1.25626555281828
FACOAE180,0,1.25626555281828
FACOAE181,0,1.25626555281828
FACOAE60,0,1.25626555281828
FACOAE80,0,1.25626555281828
FACOAL100t2pp,0,5.20917323518259
FACOAL120t2pp,0,5.20917323518259
FACOAL140t2pp,0,5.20917323518259
FACOAL141t2pp,0,5.20917323518259
FACOAL160t2pp,0,5.20917323518259
FACOAL161t2pp,0,5.20917323518259
FACOAL180t2pp,0,5.20917323518259
FACOAL181t2pp,0,5.20917323518259
FACOAL60t2pp,0,5.20917323518259
FACOAL80t2pp,0,5.20917323518259
FADRx,0,5.07290357379862
FADRx2,0,6.55169286764245
FALDH2,-2.58028278575531,2.58028278575531
FALDtex,-65.0524325352158,65.0524325352158
FALDtpp,-Inf,Inf
FALGTHLs,-Inf,Inf
FBA,-20.1522383359931,20.1522383359931
FBP,0,2.34921562060451
FCI,-0.684365298249732,0.684365298249732
FCLK,0,1.70513832588571
FCLPA,-4.87661017460104,4.87661017460104
FCLT,0,1.17714572441346
FDH4pp,0,0.761732801280581
FDH5pp,0,0.761732801280581
FDMO,0,0.787566204593506
FDMO2,0,0.787566204593506
FDMO3,0,0.787566204593506
FDMO4,0,0.787566204593506
FDMO6,0,0.787566204593506
FE2abcpp,0,1.27990743586512
FE2t2pp,0,0.942038459839122
FE2t3pp,0,8.19112840347702
FE2tex,-65.0524325352158,65.0524325352158
FE2tpp,0,2.41558707339259
FE3abcpp,0,Inf
FE3DCITabcpp,0,0.107236845388038
FE3DCITtonex,0,0.305488390353974
FE3DHBZR,0,Inf
FE3DHBZSabcpp,0,0.255708255639968
FE3DHBZStonex,0,2.32335444298101
FE3HOXabcpp,0,0.370017881262442
FE3HOXexs,0,Inf
FE3HOXR1,0,Inf
FE3HOXR2,0,Inf
FE3HOXR3,0,Inf
FE3HOXtonex,0,1.40400409497684
FE3HOXUtex,0,Inf
FE3HOXUtpp,0,Inf
FE3Ri,0,5.07290357379862
FE3tex,-65.0524325352158,65.0524325352158
FECRMabcpp,0,0.370017881262442
FECRMexs,0,Inf
FECRMR1,0,Inf
FECRMR2,0,Inf
FECRMR3,0,Inf
FECRMtonex,0,1.40400409497684
FECRMUtex,0,Inf
FECRMUtpp,0,Inf
FEENTERabcpp,0,0.255708255639968
FEENTERexs,0,Inf
FEENTERR1,0,Inf
FEENTERR2,0,Inf
FEENTERR3,0,Inf
FEENTERtex,0,Inf
FEENTERtonex,0,1.40400409497684
FEENTERtpp,0,0.459250687214864
FEOXAMabcpp,0,0.370017881262442
FEOXAMexs,0,Inf
FEOXAMR1,0,Inf
FEOXAMR2,0,Inf
FEOXAMR3,0,Inf
FEOXAMtonex,0,1.40400409497684
FEOXAMUtex,0,Inf
FEOXAMUtpp,0,Inf
FEROpp,0,2.79874332062095
FFSD,0,Inf
FHL,0,0.0475949760351963
FLDR,0,2.16713213142392
FLVR,0,11.6245964414411
FLVRx,0,5.07290357379862
FMETTRS,0,2.23594471506641
FMNAT,0,6.36754487182581
FMNRx,0,5.14420565710399
FMNRx2,0,11.6958985247464
FORt2pp,0,18.2213863113396
FORtex,-65.0524325352158,65.0524325352158
FORtppi,0,18.2213863113396
FRD2,0,0.676749620648749
FRD3,0,0.676749620648749
FRUK,0,2.90338779467760
FRULYSDG,-0.395146462418304,0.395146462418304
FRULYSE,-Inf,Inf
FRULYSK,0,0.256272180873451
FRULYSt2pp,0,0.273147662992033
FRULYStex,-65.0524325352158,65.0524325352158
FRUpts2pp,0,8.00057068349623
FRUptspp,0,1.52714247168003
FRUtex,-65.0524325352158,65.0524325352158
FRUURt2rpp,-0.885225753565914,0.885225753565914
FRUURtex,-65.0524325352158,65.0524325352158
FTHFD,0,2.44468086057364
FUCtex,-65.0524325352158,65.0524325352158
FUCtpp,-0.631313525072188,0.631313525072188
FUM,-11.3276978330819,11.3276978330819
FUMt2_2pp,0,12.9041001553141
FUMt2_3pp,0,2.33737496923427
FUMtex,-65.0524325352158,65.0524325352158
G1PACT,0,6.46443821059824
G1PPpp,0,22.7909070469469
G1Ptex,-65.0524325352158,65.0524325352158
G1PTT,0,6.73994007016548
G1SAT,-1.12800659069487,1.12800659069487
G2PPpp,0,5.13051237693534
G3PAT120,0,1.06328927987536
G3PAT140,0,1.06328927987536
G3PAT141,0,1.06328927987536
G3PAT160,0,1.06328927987536
G3PAT161,0,1.06328927987536
G3PAT180,0,1.06328927987536
G3PAT181,0,1.06328927987536
G3PCabcpp,0,0.335594607824829
G3PCtex,-65.0524325352158,65.0524325352158
G3PD2,-2.84378098617633,2.84378098617633
G3PD5,0,1.04758779593731
G3PD6,0,0.174132522557826
G3PD7,0,0.174132522557826
G3PEabcpp,0,0.335594607824829
G3PEtex,-65.0524325352158,65.0524325352158
G3PGabcpp,0,0.335594607824829
G3PGtex,-65.0524325352158,65.0524325352158
G3PIabcpp,0,0.335594607824829
G3PItex,-65.0524325352158,65.0524325352158
G3PSabcpp,0,0.335594607824829
G3PStex,-65.0524325352158,65.0524325352158
G3PT,0,0.238456078217785
G5SADs,0,Inf
G5SD,0,2.33825828014878
G6PDA,0,3.67101784301559
G6PDH2r,-6.77030218704337,6.77030218704337
G6PP,0,0.238456078217785
G6Pt6_2pp,0,3.55035072016267
G6Ptex,-65.0524325352158,65.0524325352158
GAL1PPpp,0,22.7909070469469
GAL1Ptex,-65.0524325352158,65.0524325352158
GALabcpp,0,4.77382510104465
GALBDtex,-65.0524325352158,65.0524325352158
GALCTD,0,2.27042380525950
GALCTLO,0,0.435239244052063
GALCTND,0,Inf
GALCTNLt2pp,0,0.179669311215738
GALCTNLtex,-65.0524325352158,65.0524325352158
GALCTNt2pp,0,0.0247148727287462
GALCTNtex,-65.0524325352158,65.0524325352158
GALCTt2rpp,-0.580929752627094,0.580929752627094
GALCTtex,-65.0524325352158,65.0524325352158
GALKr,-5.26727529536905,5.26727529536905
GALM2pp,0,5.34013053001501
GALS3,0,1.37055630236358
GALT1,0,2.52519307394335
GALt2pp,0,0.293229681506518
GALtex,-65.0524325352158,65.0524325352158
GALTptspp,0,18.3357072410902
GALTtex,-65.0524325352158,65.0524325352158
GALUi,0,2.29480584013682
GALURt2rpp,-0.817228535548716,0.817228535548716
GALURtex,-65.0524325352158,65.0524325352158
GAM6Pt6_2pp,0,3.55035072016267
GAMAN6Ptex,-65.0524325352158,65.0524325352158
GAMptspp,0,8.00057068349623
GAMtex,-65.0524325352158,65.0524325352158
GAPD,-8.57496277036825,8.57496277036825
GARFT,-1.75656199869827,1.75656199869827
GART,0,1.32574182731524
GBBTNtex,-65.0524325352158,65.0524325352158
GCALDD,0,37.6520036298188
GDMANE,0,0.113684213497994
GDPDPK,0,6.50777154662680
GDPMNH,0,0.0396193937603667
GDPMNP,0,0.941163301958742
GDPtex,-65.0524325352158,65.0524325352158
GF6PTA,0,3.48242990418873
GGGABADr,-1.79168857940740,1.79168857940740
GGGABAH,0,9.88769305269823
GGPTRCO,0,2.30847077223098
GGPTRCS,0,6.31644035926673
GHMT2r,-4.34048848419425,4.34048848419425
GK1,-6.04626708359114,6.04626708359114
GLBRAN2,0,3.30279895268083
GLCabcpp,0,4.77382510104465
GLCATr,-0.998810495155066,0.998810495155066
GLCDpp,0,2.85315201670119
GLCNt2rpp,-Inf,Inf
GLCNtex,-65.0524325352158,65.0524325352158
GLCP,0,3.90281572712650
GLCP2,0,3.90281572712650
GLCptspp,0,21.6647951738739
GLCRAL,0,0.623614590679878
GLCRD,0,0.372053065088482
GLCRt2rpp,-0.580929752627094,0.580929752627094
GLCRtex,-65.0524325352158,65.0524325352158
GLCS1,0,5.49478850018560
GLCt2pp,0,0.293229681506518
GLCtex,-65.0524325352158,65.0524325352158
GLCtexi,0,12.6196242700288
GLCTR1,0,2.67286927751477
GLCTR2,0,3.21669326345105
GLCTR3,0,0.811111474753763
GLCUR1Ptex,-65.0524325352158,65.0524325352158
GLCURt2rpp,-1.42213232820806,1.42213232820806
GLCURtex,-65.0524325352158,65.0524325352158
GLDBRAN2,0,8.51552060125591
GLGC,0,12.2462615761660
GLNabcpp,0,6.77089967926913
GLNS,0,11.3822146788819
GLNtex,-65.0524325352158,65.0524325352158
GLNTRS,0,4.66537547615310
GLTPD,-26.5221831634564,26.5221831634564
GLU5K,0,4.02707821269997
GLUabcpp,0,0.385976917156415
GLUABUTt7pp,-5.12533586202682,5.12533586202682
GLUCYS,0,8.59883681106699
GLUDC,0,Inf
GLUDy,-9.76342342177923,9.76342342177923
GLUN,0,5.28525030719159
GLUNpp,0,0.250906476060260
GLUPRT,0,1.61589650734473
GLUR,-1.24705168376222,1.24705168376222
GLUSy,0,9.31575645739847
GLUt2rpp,-0.403307884581194,0.403307884581194
GLUt4pp,0,0.399374931453693
GLUtex,-65.0524325352158,65.0524325352158
GLUTRR,0,0.0240565601402688
GLUTRS,0,3.61133047560994
GLXCL,0,0.459674092912075
GLYALDtex,-65.0524325352158,65.0524325352158
GLYALDtpp,-1.55040462981857,1.55040462981857
GLYAT,-3.03113310126038,3.03113310126038
GLYBabcpp,0,0.315215425792741
GLYBt2pp,0,0.116789013320494
GLYBtex,-65.0524325352158,65.0524325352158
GLYC2Ptex,-65.0524325352158,65.0524325352158
GLYC3Pabcpp,0,0.335594607824829
GLYC3Pt6pp,0,1.12425090812487
GLYC3Ptex,-65.0524325352158,65.0524325352158
GLYCAt2rpp,-0.580929752627094,0.580929752627094
GLYCAtex,-65.0524325352158,65.0524325352158
GLYCDx,0,0.572212233563804
GLYCK,0,0.428816446679092
GLYCK2,0,0.637660128062486
GLYCL,0,0.565259138323918
GLYCLTDx,0,5.12018700704430
GLYCLTDy,0,5.12018700704430
GLYCLTt2rpp,-4.53124185676252,4.53124185676252
GLYCLTt4pp,0,13.1811907436183
GLYCLTtex,-65.0524325352158,65.0524325352158
GLYCtex,-65.0524325352158,65.0524325352158
GLYCTO2,0,3.13860693400726
GLYCTO3,0,3.13860693400726
GLYCTO4,0,3.13860693400726
GLYCtpp,-Inf,Inf
GLYK,0,4.90220049896105
GLYOX,0,6.08152841556702
GLYOX3,0,Inf
GLYt2pp,0,4.25778493883438
GLYt4pp,0,0.197147775291680
GLYtex,-65.0524325352158,65.0524325352158
GLYTRS,0,4.46112460181896
GMAND,0,0.311789358926950
GMHEPAT,0,5.95428668904106
GMHEPK,0,5.95428668904106
GMHEPPA,0,4.18322139204219
GMPR,0,0.983812503266251
GMPS2,0,4.35069343772228
GMPtex,-65.0524325352158,65.0524325352158
GND,0,9.38971685679177
GNK,0,0.834721768135937
GOFUCR,0,0.113684213497994
GP4GH,0,0.458802377268687
GPDDA1,0,0.441125624806368
GPDDA1pp,0,0.656463450561249
GPDDA2,0,0.441125624806368
GPDDA2pp,0,0.656463450561249
GPDDA3,0,0.441125624806368
GPDDA3pp,0,0.656463450561249
GPDDA4,0,0.441125624806368
GPDDA4pp,0,0.656463450561249
GPDDA5,0,0.441125624806368
GPDDA5pp,0,0.656463450561249
GRTT,0,1.60386726375477
GRXR,0,22.6389739208410
GSNK,0,0.792248204545359
GSNt2pp,0,0.700071126542026
GSNtex,-65.0524325352158,65.0524325352158
GSPMDA,0,0.331670748804655
GSPMDS,0,0.331670748804655
GTHOr,-2.22510370902523,2.22510370902523
GTHOXtex,-65.0524325352158,65.0524325352158
GTHRDabc2pp,0,1.55362051193555
GTHRDabcpp,0,0.330398823205482
GTHRDHpp,0,2.46857879683577
GTHRDtex,-65.0524325352158,65.0524325352158
GTHS,0,1.38377228584688
GTPCI,0,1.64375057402891
GTPCII2,0,0.887808628311690
GTPDPDP,0,0.252148834667067
GTPDPK,0,4.32182819990450
GTPHs,0,Inf
GTPtex,-65.0524325352158,65.0524325352158
GUAD,0,0.661830823742241
GUAPRT,0,2.98625156286965
GUAt2pp,0,0.697392322746565
GUAtex,-6.31572028881628,6.31572028881628
GUAtpp,-Inf,Inf
GUI1,-1.01043665332926,1.01043665332926
GUI2,-1.01043665332926,1.01043665332926
GUR1PPpp,0,Inf
H2O2tex,-65.0524325352158,65.0524325352158
H2Otex,-Inf,Inf
H2Otpp,-Inf,Inf
H2SO,0,Inf
H2St1pp,0,Inf
H2Stex,-65.0524325352158,65.0524325352158
H2tex,-65.0524325352158,65.0524325352158
H2tpp,-Inf,Inf
HACD1i,0,20.8924007321784
HACD2i,0,20.8924007321784
HACD3i,0,20.8924007321784
HACD4i,0,20.8924007321784
HACD5i,0,20.8924007321784
HACD6i,0,20.8924007321784
HACD7i,0,20.8924007321784
HACD8i,0,20.8924007321784
HBZOPT,0,2.17040894711036
HCINNMt2rpp,-1.43071573406327,1.43071573406327
HCINNMtex,-65.0524325352158,65.0524325352158
HCO3E,-12.5897097137835,12.5897097137835
HCYSMT,0,0.637095720716052
HCYSMT2,0,0.637095720716052
HDCAtexi,0,9.12838441242717
HDCEAtexi,0,9.12838441242717
HDCOAI,0,7.77809980526672
HEMEOS,0,6.34404301871029
HEPK1,0,3.14855620467429
HEPK2,0,1.02668494604530
HEPT1,0,1.09200977243542
HEPT2,0,1.75717879725324
HEPT3,0,2.21631458176061
HEPT4,0,2.91298863880340
HETZK,0,4.44940688931277
HEX1,0,4.36508920040389
HEX4,0,Inf
HEX7,0,2.72224724093398
HEXt2rpp,-0.128885316589700,0.128885316589700
HG2abcpp,0,0.936027879752363
HG2t3pp,0,8.19112840347702
HG2tex,-65.0524325352158,65.0524325352158
HISabcpp,0,2.37447771647157
HISt2rpp,-5.08398488547381,5.08398488547381
HISTD,0,4.67411692182733
HIStex,-65.0524325352158,65.0524325352158
HISTP,0,6.64732510139291
HISTRS,0,8.20963810533660
HKNDDH,0,0.867472612008576
HKNTDH,0,0.867472612008576
HMBS,0,2.44701209812866
HMPK1,0,4.94083277574168
HOMt2pp,0,0.765446277950176
HOMtex,-65.0524325352158,65.0524325352158
HOPNTAL,0,1.83321563095125
HPPK2,0,1.47419374406869
HPPPNDO,0,0.172351766031683
HPPPNt2rpp,-1.43071573406327,1.43071573406327
HPPPNtex,-65.0524325352158,65.0524325352158
HPYRI,-0.171135641386911,0.171135641386911
HPYRRx,0,5.12018700704430
HPYRRy,0,5.12018700704430
HSDy,-10.0793321584830,10.0793321584830
HSK,0,13.5875376168292
HSST,0,1.83984990132659
HSTPT,0,3.67897885696563
Htex,-65.0524325352158,65.0524325352158
HXAND,0,0.181098496432919
HXAtex,-65.0524325352158,65.0524325352158
HXCT,0,0.148604548011521
HXPRT,0,2.98625156286965
HYD1pp,0,0.587473534392841
HYD2pp,0,0.555461395265447
HYD3pp,0,0.555461395265447
HYPOE,0,Inf
HYXNtex,-65.0524325352158,65.0524325352158
HYXNtpp,-Inf,Inf
ICDHyr,-21.1211627775200,21.1211627775200
ICHORS,-2.04611532711634,2.04611532711634
ICHORSi,0,3.81780680980508
ICHORT,0,1.16320543643650
ICL,0,31.5254203313633
IDOND,-1.52732819848600,1.52732819848600
IDOND2,0,1.52732819848600
IDONt2rpp,-0.540125713524736,0.540125713524736
IDONtex,-65.0524325352158,65.0524325352158
IG3PS,0,2.44155311715096
IGPDH,0,6.64732510139291
IGPS,0,4.63055920043730
ILEabcpp,0,1.92839810047499
ILEt2rpp,-0.809975555751709,0.809975555751709
ILETA,-4.27986324135423,4.27986324135423
ILEtex,-65.0524325352158,65.0524325352158
ILETRS,0,4.14068535601917
IMPC,-1.60682595588069,1.60682595588069
IMPD,0,1.50052446603497
IMPtex,-65.0524325352158,65.0524325352158
INDOLEt2pp,0,0.0560081201072711
INDOLEt2rpp,-0.252326914981319,0.252326914981319
INDOLEtex,-65.0524325352158,65.0524325352158
INOSTt4pp,0,0.0520803860874841
INSH,0,1.77171309262153
INSK,0,0.792248204545359
INSt2pp,0,0.700071126542026
INSt2rpp,-0.266854098519806,0.266854098519806
INStex,-6.31572028881628,6.31572028881628
INSTtex,-65.0524325352158,65.0524325352158
IPDDI,-2.80732574589966,2.80732574589966
IPDPS,0,1.06526080914490
IPMD,0,18.9562384005228
IPPMIa,-18.6195788831268,18.6195788831268
IPPMIb,-18.6195788831268,18.6195788831268
IPPS,0,11.8190810448042
ISETACabcpp,0,0.645840902552887
ISETACtex,-65.0524325352158,65.0524325352158
K2L4Aabcpp,0,2.52538075434107
K2L4Atex,0,Inf
Kabcpp,0,0.0921781069739335
KARA1,-5.39804816116079,5.39804816116079
KARA2,-5.39804816116079,5.39804816116079
KAS14,0,12.8238714986143
KAS15,0,7.89427185382740
KAT1,0,8.22935763202959
KAT2,0,8.22935763202959
KAT3,0,8.22935763202959
KAT4,0,8.22935763202959
KAT5,0,8.22935763202959
KAT6,0,8.22935763202959
KAT7,0,8.22935763202959
KAT8,0,8.22935763202959
KDOCT2,0,1.88878761917158
KDOPP,0,5.61920968790838
KDOPS,0,2.62112844231850
KG6PDC,0,1.84561343151422
Kt2pp,0,2.47339356834120
Kt3pp,0,4.80224097206298
Ktex,-65.0524325352158,65.0524325352158
LA4NTpp,0,1.38630029272720
LACZ,0,0.137044789499359
LACZpp,0,1.33329632587885
LADGMDH,0,0.408158588841302
LALDO2x,0,0.572212233563804
LALGP,0,5.80182980688942
LCADi,0,37.6520036298188
LCARR,-Inf,Inf
LCARS,-1.81427753528077,1.81427753528077
LCTSt3ipp,0,1.47261908332739
LCTStex,-65.0524325352158,65.0524325352158
LCTStpp,-0.293955204392973,0.293955204392973
LDH_D,-9.08798394326173,9.08798394326173
LDH_D2,0,7.00300795865722
LEUabcpp,0,3.85679620094998
LEUt2rpp,-0.809975555751709,0.809975555751709
LEUTAi,0,6.24519829788852
LEUtex,-65.0524325352158,65.0524325352158
LEUTRS,0,4.15972012579254
LGTHL,0,6.24324226482157
LIPAabcpp,0,2.52538075434107
LIPACabcpp,0,2.52538075434107
LIPAHT2ex,0,0.965676427451851
LIPAHTex,0,0.965676427451851
LIPAtex,0,Inf
L-LACD2,0,1.68288885960453
L-LACD3,0,1.68288885960453
L-LACt2rpp,-4.53124185676252,4.53124185676252
L-LACtex,-65.0524325352158,65.0524325352158
LPADSS,0,0.996337257177777
LPLIPAL1A120pp,0,2.66708994197513
LPLIPAL1A140pp,0,2.66708994197513
LPLIPAL1A141pp,0,2.66708994197513
LPLIPAL1A160pp,0,2.66708994197513
LPLIPAL1A161pp,0,2.66708994197513
LPLIPAL1A180pp,0,2.66708994197513
LPLIPAL1A181pp,0,2.66708994197513
LPLIPAL1E120pp,0,2.66708994197513
LPLIPAL1E140pp,0,2.66708994197513
LPLIPAL1E141pp,0,2.66708994197513
LPLIPAL1E160pp,0,2.66708994197513
LPLIPAL1E161pp,0,2.66708994197513
LPLIPAL1E180pp,0,2.66708994197513
LPLIPAL1E181pp,0,2.66708994197513
LPLIPAL1G120pp,0,2.66708994197513
LPLIPAL1G140pp,0,2.66708994197513
LPLIPAL1G141pp,0,2.66708994197513
LPLIPAL1G160pp,0,2.66708994197513
LPLIPAL1G161pp,0,2.66708994197513
LPLIPAL1G180pp,0,2.66708994197513
LPLIPAL1G181pp,0,2.66708994197513
LPLIPAL2A120,0,0.322955007887341
LPLIPAL2A140,0,0.322955007887341
LPLIPAL2A141,0,0.322955007887341
LPLIPAL2A160,0,0.322955007887341
LPLIPAL2A161,0,0.322955007887341
LPLIPAL2A180,0,0.322955007887341
LPLIPAL2A181,0,0.322955007887341
LPLIPAL2ATE120,0,0.322955007887341
LPLIPAL2ATE140,0,0.322955007887341
LPLIPAL2ATE141,0,0.322955007887341
LPLIPAL2ATE160,0,0.322955007887341
LPLIPAL2ATE161,0,0.322955007887341
LPLIPAL2ATE180,0,0.322955007887341
LPLIPAL2ATE181,0,0.322955007887341
LPLIPAL2ATG120,0,0.322955007887341
LPLIPAL2ATG140,0,0.322955007887341
LPLIPAL2ATG141,0,0.322955007887341
LPLIPAL2ATG160,0,0.322955007887341
LPLIPAL2ATG161,0,0.322955007887341
LPLIPAL2ATG180,0,0.322955007887341
LPLIPAL2ATG181,0,0.322955007887341
LPLIPAL2E120,0,0.322955007887341
LPLIPAL2E140,0,0.322955007887341
LPLIPAL2E141,0,0.322955007887341
LPLIPAL2E160,0,0.322955007887341
LPLIPAL2E161,0,0.322955007887341
LPLIPAL2E180,0,0.322955007887341
LPLIPAL2E181,0,0.322955007887341
LPLIPAL2G120,0,0.322955007887341
LPLIPAL2G140,0,0.322955007887341
LPLIPAL2G141,0,0.322955007887341
LPLIPAL2G160,0,0.322955007887341
LPLIPAL2G161,0,0.322955007887341
LPLIPAL2G180,0,0.322955007887341
LPLIPAL2G181,0,0.322955007887341
LSERDHr,-3.22208888791064,3.22208888791064
LYSabcpp,0,2.37447771647157
LYSDC,0,3.24501995047261
LYSt2pp,0,2.83021838964529
LYSt3pp,0,0.359533822412688
LYStex,-65.0524325352158,65.0524325352158
LYSTRS,0,6.11092594079732
LYXI,0,0.105744489669275
LYXt2pp,0,4.58693218283829
LYXtex,-65.0524325352158,65.0524325352158
M1PD,-2.94379973121630,2.94379973121630
MACPD,0,10.3432313702025
MALDDH,0,1.64423522643011
MALDt2_2pp,0,12.9041001553141
MALDtex,-65.0524325352158,65.0524325352158
MALS,0,37.5053519987562
MALt2_2pp,0,12.9041001553141
MALt2_3pp,0,1.96925616961364
MALTabcpp,0,3.20707958725614
MALTATr,-0.998810495155066,0.998810495155066
MALtex,-65.0524325352158,65.0524325352158
MALTHXabcpp,0,3.20707958725614
MALTHXtexi,0,12.6196242700288
MALTPTabcpp,0,3.20707958725614
MALTptspp,0,0.884477899754479
MALTPTtexi,0,12.6196242700288
MALTtexi,0,12.6196242700288
MALTTRabcpp,0,3.20707958725614
MALTTRtexi,0,12.6196242700288
MALTTTRabcpp,0,3.20707958725614
MALTTTRtexi,0,12.6196242700288
MAN1PT2,0,0.118155694541448
MAN6PI,-2.10461992401420,2.10461992401420
MAN6Pt6_2pp,0,3.55035072016267
MAN6Ptex,-65.0524325352158,65.0524325352158
MANAO,-0.959545558401913,0.959545558401913
MANGLYCptspp,0,0.488119056268093
MANGLYCtex,-65.0524325352158,65.0524325352158
MANPGH,0,0.268570438207176
MANptspp,0,8.00057068349623
MANtex,-65.0524325352158,65.0524325352158
MCITD,0,7.36011330652715
MCITL2,-9.14038466065615,9.14038466065615
MCITS,0,5.51269260391750
MCOATA,-17.4456372134257,17.4456372134257
MCPST,0,10.4781150297874
MCTP1App,0,11.5825335983339
MCTP1Bpp,0,7.97992477435398
MCTP2App,0,11.5825335983339
MDDCP1pp,0,9.27443521229238
MDDCP2pp,0,9.27443521229238
MDDCP3pp,0,9.27443521229238
MDDCP4pp,0,9.27443521229238
MDDCP5pp,0,9.27443521229238
MDDEP1pp,0,1.65594287409371
MDDEP2pp,0,1.65594287409371
MDDEP3pp,0,1.65594287409371
MDDEP4pp,0,1.65594287409371
MDH,-10.8706455793991,10.8706455793991
MDH2,0,0.226927179427422
MDH3,0,0.226927179427422
MDRPD,0,Inf
ME1,0,4.09916805763821
ME2,0,7.99269922380330
MECDPDH2,0,3.79465334028189
MECDPS,0,2.14190846868180
MELIBt2pp,0,0.464042773680444
MELIBt3ipp,0,0.196946164515362
MELIBtex,-65.0524325352158,65.0524325352158
MEPCT,0,3.31810291433718
METabcpp,0,1.92208467294850
METAT,0,4.55518003306967
METDabcpp,0,1.92208467294850
METDtex,-65.0524325352158,65.0524325352158
METOX1s,0,Inf
METOX2s,0,Inf
METS,0,16.5018419781942
METSOX1abcpp,0,Inf
METSOX1tex,-65.0524325352158,65.0524325352158
METSOX2abcpp,0,Inf
METSOX2tex,-65.0524325352158,65.0524325352158
METSOXR1,0,3.80800807456379
METSOXR2,0,6.53576381453771
METtex,-65.0524325352158,65.0524325352158
METTRS,0,2.64122076492159
MG2t3_2pp,-Inf,Inf
MG2tex,-65.0524325352158,65.0524325352158
MG2tpp,0,4.58925878687424
MG2uabcpp,0,2.61545787342450
MGSA,0,3.79694013734213
MI1PP,0,0.476801280251495
MICITD,0,20.0118610368572
MINOHPtexi,0,Inf
MLDCP1App,0,Inf
MLDCP1Bpp,0,Inf
MLDCP2App,0,Inf
MLDCP2Bpp,0,Inf
MLDCP3App,0,Inf
MLDEP1pp,0,Inf
MLDEP2pp,0,Inf
MLTG1,0,0.554278539668314
MLTG2,0,0.554278539668314
MLTG3,0,0.554278539668314
MLTG4,0,0.554278539668314
MLTG5,0,0.554278539668314
MLTGY1pp,0,6.66080939807643
MLTGY2pp,0,6.66080939807643
MLTGY3pp,0,6.66080939807643
MLTGY4pp,0,6.66080939807643
MLTP1,-2.17530024621673,2.17530024621673
MLTP2,-2.17530024621673,2.17530024621673
MLTP3,-2.17530024621673,2.17530024621673
MMCD,0,0.203944159004143
MME,-Inf,Inf
MMETt2pp,0,1.23903206688757
MMETtex,-65.0524325352158,65.0524325352158
MMM2,0,0.287874728181131
MN2t3pp,0,8.66882413182880
MN2tpp,0,2.41558707339259
MN6PP,0,0.238456078217785
MNLptspp,0,0.435431241089005
MNLtex,-65.0524325352158,65.0524325352158
MNNH,0,1.13664600290534
MNt2pp,0,0.942038459839122
MNtex,-65.0524325352158,65.0524325352158
MOAT,0,2.47961752100292
MOAT2,0,2.47961752100292
MOAT3C,0,0.880881253900434
MOBDabcpp,0,6.44851968029352
MOBDtex,-65.0524325352158,65.0524325352158
MOHMT,0,8.11734527559395
MPTG,0,8.61429131150026
MPTG2,0,8.61429131150026
MSO3abcpp,0,0.581895002436213
MSO3tex,-65.0524325352158,65.0524325352158
MTAN,0,0.755451515842395
MTHFC,-1.67126430285248,1.67126430285248
MTHFD,-1.67126430285248,1.67126430285248
MTHFR2,0,1.69106993466318
MTRI,-Inf,Inf
MTRK,0,Inf
MTRPOX,0,1.69408803745284
N2Otex,-65.0524325352158,65.0524325352158
N2Otpp,-Inf,Inf
NACODA,0,2.14781196938260
NACtex,-65.0524325352158,65.0524325352158
NACtpp,0,Inf
NADDP,0,2.94184043326837
NADH10,0,1.31166254769688
NADH16pp,0,3.94237857948597
NADH17pp,0,3.94237857948597
NADH18pp,0,3.94237857948597
NADH5,0,1.31166254769688
NADH9,0,1.31166254769688
NADK,0,1.01722630428295
NADN,0,Inf
NADPHQR2,0,2.45510283427480
NADPHQR3,0,2.45510283427480
NADPHQR4,0,2.45510283427480
NADPPPS,0,Inf
NADS1,0,4.60846656374063
NADTRHD,0,6.65020113482466
NAMNPP,0,5.86300341255509
NAt3_1p5pp,0,1.65353515626840
NAt3_2pp,0,9.33058685782325
NAt3pp,0,1.80090015029491
NAtex,-65.0524325352158,65.0524325352158
NDPK1,-11.5217548514570,11.5217548514570
NDPK2,-11.5217548514570,11.5217548514570
NDPK3,-11.5217548514570,11.5217548514570
NDPK4,-11.5217548514570,11.5217548514570
NDPK5,-11.5217548514570,11.5217548514570
NDPK6,-11.5217548514570,11.5217548514570
NDPK7,-11.5217548514570,11.5217548514570
NDPK8,-11.5217548514570,11.5217548514570
NH4tex,-65.0524325352158,65.0524325352158
NH4tpp,-Inf,Inf
NHFRBO,0,0.205847925704985
NI2abcpp,0,0.936027879752363
NI2t3pp,0,8.66882413182880
NI2tex,-65.0524325352158,65.0524325352158
NI2tpp,0,4.58925878687424
NI2uabcpp,0,2.65779407570735
NMNAT,0,2.05134950673129
NMNDA,0,Inf
NMNN,0,Inf
NMNPtpp,0,1.81926553587245
NMNt7pp,0,Inf
NMNtex,-65.0524325352158,65.0524325352158
NNAM,0,2.22240766468775
NNATr,-1.03844999658379,1.03844999658379
NNDMBRT,0,1.77192398440299
NNDPR,0,0.359015506945498
NO2t2rpp,-7.27841110117927,7.27841110117927
NO2tex,-65.0524325352158,65.0524325352158
NO3R1bpp,0,0.221587417139994
NO3R1pp,0,0.323225161338231
NO3R2bpp,0,0.221587417139994
NO3R2pp,0,0.323225161338231
NO3t7pp,0,6.81515829618199
NO3tex,-65.0524325352158,65.0524325352158
NODOx,0,0.343137285425947
NODOy,0,0.343137285425947
NOtex,-65.0524325352158,65.0524325352158
NOtpp,-Inf,Inf
NPHS,0,1.77719598558590
NTD1,0,5.42666406157153
NTD10,0,4.62724536148686
NTD10pp,0,8.14349284324061
NTD11,0,4.62724536148686
NTD11pp,0,8.14349284324061
NTD12,0,4.91931577029150
NTD12pp,0,8.14349284324061
NTD1pp,0,8.14349284324061
NTD2,0,5.13459365276689
NTD2pp,0,8.14349284324061
NTD3,0,4.91931577029150
NTD3pp,0,8.14349284324061
NTD4,0,4.62724536148686
NTD4pp,0,8.14349284324061
NTD5,0,5.42666406157153
NTD5pp,0,8.14349284324061
NTD6,0,4.91931577029150
NTD6pp,0,8.14349284324061
NTD7,0,4.62724536148686
NTD7pp,0,8.14349284324061
NTD8,0,4.91931577029150
NTD8pp,0,8.14349284324061
NTD9,0,4.62724536148686
NTD9pp,0,8.14349284324061
NTP1,0,2.70367353686886
NTP10,0,3.21158088805734
NTP11,0,0.966078875277029
NTP12,0,0.966078875277029
NTP3,0,2.24550201278031
NTP3pp,0,0.357942765697456
NTP5,0,2.24550201278031
NTPP1,0,5.53654069561445
NTPP10,0,2.16750203521333
NTPP11,0,2.16750203521333
NTPP2,0,5.53654069561445
NTPP3,0,4.85842306304832
NTPP4,0,4.74818124399811
NTPP5,0,11.6454465095754
NTPP6,0,4.30951158138023
NTPP7,0,4.41975340043044
NTPP8,0,4.30951158138023
NTPP9,0,2.16750203521333
NTPTP1,0,1.52148691678851
NTPTP2,0,1.52148691678851
NTRIR2x,0,0.0260931071302516
NTRIR3pp,0,0.0640549628515905
NTRIR4pp,0,0.0640549628515905
O16A4COLIPAtex,0,Inf
O16A4Lpp,0,3.37317273867391
O16AP1pp,0,4.06923906787467
O16AP2pp,0,4.06923906787467
O16AP3pp,0,4.06923906787467
O16AT,0,6.65956297706480
O16AUNDtpp,0,5.80255743827006
O16GALFT,0,0.871372780346910
O16GLCT1,0,6.13976070168441
O16GLCT2,0,Inf
O2Stex,-65.0524325352158,65.0524325352158
O2tex,-65.0524325352158,65.0524325352158
O2tpp,-Inf,Inf
OAADC,0,2.66208083011102
OBTFL,0,6.77750498472897
OCBT,-7.49010195525482,7.49010195525482
OCDCAtexi,0,9.12838441242717
OCDCEAtexi,0,9.12838441242717
OCTAtex,-65.0524325352158,65.0524325352158
OCTDPS,0,0.929137080097288
ODECOAI,0,7.77809980526672
OHPBAT,-5.30458601881291,5.30458601881291
OHPHM,0,0.719632378182538
OMBZLM,0,2.62074578942039
OMCDC,0,18.9562384005228
OMMBLHX,0,2.34097454145531
OMMBLHX3,0,Inf
OMPDC,0,0.819628390245223
OMPHHX,0,2.16890634270545
OMPHHX3,0,Inf
OP4ENH,0,3.77684812373804
OPHBDC,0,4.48611773807558
OPHHX,0,2.36933750508255
OPHHX3,0,Inf
ORNabcpp,0,2.37447771647157
ORNDC,0,1.65745494673781
ORNtex,-65.0524325352158,65.0524325352158
OROTt2_2pp,0,12.9041001553141
OROTtex,-65.0524325352158,65.0524325352158
ORPT,-0.154614412000600,0.154614412000600
OXAMTC,0,Inf
OXGDC2,0,0.629424959625797
P5CD,0,0.854110889855312
P5CR,0,2.01089904374045
PA120abcpp,0,2.52538075434107
PA140abcpp,0,2.52538075434107
PA141abcpp,0,2.52538075434107
PA160abcpp,0,2.52538075434107
PA161abcpp,0,2.52538075434107
PA180abcpp,0,2.52538075434107
PA181abcpp,0,2.52538075434107
PACALDt2rpp,-Inf,Inf
PACALDtex,-65.0524325352158,65.0524325352158
PACCOAL,0,2.73871869173463
PANTS,0,0.633404377693001
PAPA120,0,3.18993415133685
PAPA120pp,0,3.18993415133685
PAPA140,0,3.18993415133685
PAPA140pp,0,3.18993415133685
PAPA141,0,3.18993415133685
PAPA141pp,0,3.18993415133685
PAPA160,0,3.18993415133685
PAPA160pp,0,3.18993415133685
PAPA161,0,3.18993415133685
PAPA161pp,0,3.18993415133685
PAPA180,0,3.18993415133685
PAPA180pp,0,3.18993415133685
PAPA181,0,3.18993415133685
PAPA181pp,0,3.18993415133685
PAPPT3,0,4.25626755163602
PAPSR,0,6.53576381453771
PAPSR2,0,22.6389739208410
PDE1,0,0.195456502437886
PDH,0,7.33407612575007
PDX5PO2,0,Inf
PDX5POi,0,1.92967498517488
PDX5PS,0,2.41507833043980
PDXPP,0,Inf
PE120abcpp,0,2.52538075434107
PE140abcpp,0,2.52538075434107
PE141abcpp,0,2.52538075434107
PE160abcpp,0,2.52538075434107
PE161abcpp,0,2.52538075434107
PE180abcpp,0,2.52538075434107
PE181abcpp,0,2.52538075434107
PEAMNOpp,0,0.109727439523488
PEAMNtex,-65.0524325352158,65.0524325352158
PERD,-1.75683317694974,1.75683317694974
PETNT161pp,0,0.792517406497136
PETNT181pp,0,0.792517406497136
PFK,0,7.78241951633516
PFK_2,0,4.16828864621163
PFL,0,7.09424950949239
PG120abcpp,0,2.52538075434107
PG140abcpp,0,2.52538075434107
PG141abcpp,0,2.52538075434107
PG160abcpp,0,2.52538075434107
PG161abcpp,0,2.52538075434107
PG180abcpp,0,2.52538075434107
PG181abcpp,0,2.52538075434107
PGAMT,-3.67254690435662,3.67254690435662
PGCD,0,3.11977863740812
PGI,-2.29612868182277,2.29612868182277
PGK,-12.7076801789756,12.7076801789756
PGL,0,1.21217699795755
PGLYCP,0,2.58976712645464
PGM,-15.5681202903256,15.5681202903256
PGMT,-6.22224164248942,6.22224164248942
PGP120abcpp,0,2.52538075434107
PGP140abcpp,0,2.52538075434107
PGP141abcpp,0,2.52538075434107
PGP160abcpp,0,2.52538075434107
PGP161abcpp,0,2.52538075434107
PGP180abcpp,0,2.52538075434107
PGP181abcpp,0,2.52538075434107
PGPP120,0,6.14035689557796
PGPP120pp,0,6.14035689557796
PGPP140,0,6.14035689557796
PGPP140pp,0,6.14035689557796
PGPP141,0,6.14035689557796
PGPP141pp,0,6.14035689557796
PGPP160,0,6.14035689557796
PGPP160pp,0,6.14035689557796
PGPP161,0,6.14035689557796
PGPP161pp,0,6.14035689557796
PGPP180,0,6.14035689557796
PGPP180pp,0,6.14035689557796
PGPP181,0,6.14035689557796
PGPP181pp,0,6.14035689557796
PGSA120,0,2.19722205816617
PGSA140,0,2.19722205816617
PGSA141,0,2.19722205816617
PGSA160,0,2.19722205816617
PGSA161,0,2.19722205816617
PGSA180,0,2.19722205816617
PGSA181,0,2.19722205816617
PHEMEabcpp,0,0.360448082924071
PHEMEtiex,0,Inf
PHEt2rpp,-6.03755642340762,6.03755642340762
PHETA1,-14.5706551205947,14.5706551205947
PHEtex,-65.0524325352158,65.0524325352158
PHETRS,0,15.6764944923281
PHYTSpp,0,0.357942765697456
PIt2rpp,-3.09085756580611,3.09085756580611
PItex,-65.0524325352158,65.0524325352158
PIuabcpp,0,1.24982988093988
PLIPA1A120pp,0,1.28040441404712
PLIPA1A140pp,0,1.28040441404712
PLIPA1A141pp,0,1.28040441404712
PLIPA1A160pp,0,1.28040441404712
PLIPA1A161pp,0,1.28040441404712
PLIPA1A180pp,0,1.28040441404712
PLIPA1A181pp,0,1.28040441404712
PLIPA1E120pp,0,1.28040441404712
PLIPA1E140pp,0,1.28040441404712
PLIPA1E141pp,0,1.28040441404712
PLIPA1E160pp,0,1.28040441404712
PLIPA1E161pp,0,1.28040441404712
PLIPA1E180pp,0,1.28040441404712
PLIPA1E181pp,0,1.28040441404712
PLIPA1G120pp,0,1.28040441404712
PLIPA1G140pp,0,1.28040441404712
PLIPA1G141pp,0,1.28040441404712
PLIPA1G160pp,0,1.28040441404712
PLIPA1G161pp,0,1.28040441404712
PLIPA1G180pp,0,1.28040441404712
PLIPA1G181pp,0,1.28040441404712
PLIPA2A120pp,0,1.28040441404712
PLIPA2A140pp,0,1.28040441404712
PLIPA2A141pp,0,1.28040441404712
PLIPA2A160pp,0,1.28040441404712
PLIPA2A161pp,0,1.28040441404712
PLIPA2A180pp,0,1.28040441404712
PLIPA2A181pp,0,1.28040441404712
PLIPA2E120pp,0,1.28040441404712
PLIPA2E140pp,0,1.28040441404712
PLIPA2E141pp,0,1.28040441404712
PLIPA2E160pp,0,1.28040441404712
PLIPA2E161pp,0,1.28040441404712
PLIPA2E180pp,0,1.28040441404712
PLIPA2E181pp,0,1.28040441404712
PLIPA2G120pp,0,1.28040441404712
PLIPA2G140pp,0,1.28040441404712
PLIPA2G141pp,0,1.28040441404712
PLIPA2G160pp,0,1.28040441404712
PLIPA2G161pp,0,1.28040441404712
PLIPA2G180pp,0,1.28040441404712
PLIPA2G181pp,0,1.28040441404712
PMANM,-0.189828255698449,0.189828255698449
PMDPHT,0,Inf
PMPK,0,2.90592743519531
PNTK,0,0.786004876389979
PNTOt4pp,0,0.513068499493187
PNTOtex,-65.0524325352158,65.0524325352158
POX,0,3.67908033405545
PPA,0,14.1703566778999
PPA2,0,7.48724881796390
PPAKr,-0.170083676292316,0.170083676292316
PPALtex,-65.0524325352158,65.0524325352158
PPALtpp,-Inf,Inf
PPAt4pp,0,5.56316210468585
PPAtex,-65.0524325352158,65.0524325352158
PPBNGS,0,3.94081124048957
PPC,0,5.31512672843484
PPCDC,0,4.04182378778237
PPCK,0,17.6990705110088
PPCSCT,0,0.119977885661182
PPGPPDP,0,2.18594334672230
PPK2r,-2.64141788835512,2.64141788835512
PPKr,-2.64141788835512,2.64141788835512
PPM,-2.66326396698244,2.66326396698244
PPM2,-2.52113816138738,2.52113816138738
PPNCL2,0,4.04182378778237
PPND,0,1.74807578075236
PPNDH,0,14.1595497339194
PPPGO,0,2.67075522306604
PPPGO3,0,2.67075522306604
PPPNDO,0,0.328412766366694
PPPNt2rpp,-0.703586439797971,0.703586439797971
PPPNtex,-65.0524325352158,65.0524325352158
PPS,0,5.88919882586757
PPTHpp,0,0.614585198914697
PPTtex,-65.0524325352158,65.0524325352158
PRAGSr,-0.522532843562002,0.522532843562002
PRAIi,0,4.63055920043730
PRAIS,0,5.10863011429083
PRAMPC,0,1.92302920711884
PRASCS,0,1.41274509964590
PRATPP,0,1.92302920711884
PRFGS,0,7.22708463146100
PRMICI,-1.75264542983970,1.75264542983970
PROabcpp,0,0.844741588101636
PROD2,0,0.854110889855312
PROGLYabcpp,0,1.26194061318949
PROGLYtex,-65.0524325352158,65.0524325352158
PROt2rpp,-0.496608406533856,0.496608406533856
PROt4pp,0,5.56316210468585
PROtex,-65.0524325352158,65.0524325352158
PROTRS,0,2.05863972806342
PRPPS,-8.36082358218993,8.36082358218993
PSCLYSt2pp,0,0.273147662992033
PSCLYStex,-65.0524325352158,65.0524325352158
PSCVT,-3.85035589080539,3.85035589080539
PSD120,0,2.03417939149680
PSD140,0,2.03417939149680
PSD141,0,2.03417939149680
PSD160,0,2.03417939149680
PSD161,0,2.03417939149680
PSD180,0,2.03417939149680
PSD181,0,2.03417939149680
PSERT,0,5.30458601881291
PSERtex,-65.0524325352158,65.0524325352158
PSP_L,0,1.02966240774589
PSP_Lpp,0,5.13051237693534
PSSA120,0,4.60036840360608
PSSA140,0,4.60036840360608
PSSA141,0,4.60036840360608
PSSA160,0,4.60036840360608
PSSA161,0,4.60036840360608
PSSA180,0,4.60036840360608
PSSA181,0,4.60036840360608
PTA2,0,0.274555992503013
PTAr,-1.80195573064615,1.80195573064615
PTHRpp,0,5.13051237693534
PTPATi,0,0.203147885162006
PTRCabcpp,0,4.66815861449313
PTRCORNt7pp,-0.469246207264075,0.469246207264075
PTRCt2pp,0,2.28094686642602
PTRCTA,0,5.97429230187863
PTRCtex,-65.0524325352158,65.0524325352158
PUNP1,-5.26201512609220,5.26201512609220
PUNP2,-5.26201512609220,5.26201512609220
PUNP3,-5.47994209382987,5.47994209382987
PUNP4,-5.47994209382987,5.47994209382987
PUNP5,-5.47994209382987,5.47994209382987
PUNP6,-5.47994209382987,5.47994209382987
PUNP7,-0.217926967737671,0.217926967737671
PYAM5PO,0,1.92967498517488
PYDAMK,0,2.03490534054636
PYDXK,0,2.35838003594444
PYDXNK,0,2.03490534054636
PYDXPP,0,Inf
PYK,0,7.27971618671140
PYNP2r,-3.50890640828474,3.50890640828474
PYRt2rpp,-Inf,Inf
PYRtex,-65.0524325352158,65.0524325352158
QMO2,0,2.49748602394142
QMO3,0,2.49748602394142
QULNS,0,3.85447480791738
R15BPK,0,0.549836850990144
R1PK,0,Inf
R5PP,0,0.238456078217785
R5PPpp,0,5.13051237693534
R5Ptex,-65.0524325352158,65.0524325352158
RBFK,0,6.36754487182581
RBFSa,0,1.23052931223078
RBFSb,0,2.69828555644280
RBK,0,2.87381324065534
RBK_L1,0,0.0307226367487369
RBP4E,-0.805062237071452,0.805062237071452
RHAT1,0,1.52495802420905
RHCCE,0,3.24024505170143
RIBabcpp,0,2.42062213586750
RIBtex,-65.0524325352158,65.0524325352158
RMI,-0.105744489669275,0.105744489669275
RMK,0,0.0225269040149782
RMNtex,-65.0524325352158,65.0524325352158
RMNtpp,0,4.58693218283829
RMPA,-0.229604236826652,0.229604236826652
RNDR1,0,2.55663649433731
RNDR1b,0,3.09153321612987
RNDR2,0,2.55663649433731
RNDR2b,0,3.09153321612987
RNDR3,0,2.55663649433731
RNDR3b,0,3.09153321612987
RNDR4,0,2.55663649433731
RNDR4b,0,3.09153321612987
RNTR1c,0,2.46041412885722
RNTR2c,0,2.46041412885722
RNTR3c,0,2.46041412885722
RNTR4c,0,2.46041412885722
RPE,-5.83244028769421,5.83244028769421
RPI,-6.73572426958027,6.73572426958027
RZ5PP,0,0.300559638001213
S7PI,0,1.53764199732318
SADH,0,2.02711743557815
SADT2,0,8.93403864157553
SARCOX,0,1.69408803745284
SBTPD,-0.301967709038101,0.301967709038101
SBTptspp,0,0.284157322782652
SBTtex,-65.0524325352158,65.0524325352158
SDPDS,0,1.66572039195105
SDPTA,-3.75739871561221,3.75739871561221
SELCYSS,0,1.63525051923607
SELNPS,0,4.69791292886300
SERASr,-0.663343722935961,0.663343722935961
SERAT,-1.14406487890093,1.14406487890093
SERD_D,0,0.471950258202963
SERD_L,0,Inf
SERt2rpp,-2.48857826418733,2.48857826418733
SERt4pp,0,1.56611422632597
SERtex,-65.0524325352158,65.0524325352158
SERTRS,0,2.39079543175371
SERTRS2,0,2.39079543175371
SFGTHi,0,1.35518776532111
SGDS,0,1.13692128725774
SGSAD,0,2.86971438705037
SHCHCS2,0,0.629424959625797
SHCHD2,0,17.5347145951424
SHCHF,0,17.5347145951424
SHK3Dr,-2.33360855142923,2.33360855142923
SHKK,0,10.2823279742046
SHSL1,0,2.53603450857140
SKMt2pp,0,0.846928318944087
SKMtex,-65.0524325352158,65.0524325352158
SO2tex,-65.0524325352158,65.0524325352158
SO2tpp,-Inf,Inf
SO3tex,-65.0524325352158,65.0524325352158
SO4tex,-65.0524325352158,65.0524325352158
SOTA,0,4.03304476610079
SPMDabcpp,0,2.98979370812423
SPMDAT1,0,3.68290427485307
SPMDAT2,0,3.68290427485307
SPMDtex,-65.0524325352158,65.0524325352158
SPMS,0,2.21945273642988
SPODM,0,26.8088156776872
SPODMpp,0,2.54347630122354
SSALx,0,Inf
SSALy,0,8.50413706284292
SUCBZL,0,0.566042662639205
SUCBZS,0,1.68093225349849
SUCCt2_2pp,0,12.9041001553141
SUCCt2_3pp,0,1.96925616961364
SUCCt3pp,0,Inf
SUCCtex,-65.0524325352158,65.0524325352158
SUCDi,0,1.85027809175411
SUCFUMtpp,-2.33737496923427,2.33737496923427
SUCOAS,-5.01290930865097,5.01290930865097
SUCptspp,0,0.242331423004202
SUCRtex,-65.0524325352158,65.0524325352158
SULabcpp,0,6.44851968029352
SULFACabcpp,0,0.581895002436213
SULFACtex,-65.0524325352158,65.0524325352158
SULRi,0,6.55169286764245
T2DECAI,-7.19760095720865,7.19760095720865
TAGURr,-0.316413013746765,0.316413013746765
TALA,-10.4392409963806,10.4392409963806
TARTD,0,0.150842000570908
TARTRt7pp,-0.566094470245907,0.566094470245907
TARTRtex,-65.0524325352158,65.0524325352158
TAUDO,0,0.378412552807010
TAURabcpp,0,0.0639459001166744
TAURtex,-65.0524325352158,65.0524325352158
TCYNTtex,-65.0524325352158,65.0524325352158
TDECOAI,0,7.77809980526672
TDP,0,2.05313654951762
TDPADGAT,0,0.402203342232241
TDPAGTA,0,0.337832987627439
TDPDRE,0,0.608919246537016
TDPDRR,0,8.20774646940067
TDPGDH,0,4.61745487038319
TDSK,0,2.09060155000181
TDSR1,0,0.830626438805078
TDSR2,0,0.945309699899817
TGBPA,-19.2105497857448,19.2105497857448
THD2pp,0,3.48810682891440
THDPS,0,5.23031189708908
THIORDXi,0,2.82051603359568
THMabcpp,0,0.448909213419633
THMDt2pp,0,5.48731787373584
THMDt2rpp,-0.266854098519806,0.266854098519806
THMDtex,-65.0524325352158,65.0524325352158
THMtex,-65.0524325352158,65.0524325352158
THRA2i,0,5.70853188117267
THRabcpp,0,1.92839810047499
THRAi,0,5.70853188117267
THRD,0,2.76757352500332
THRD_L,0,2.86335113803369
THRPtex,-65.0524325352158,65.0524325352158
THRS,0,16.7451027674543
THRt2pp,0,0.981790867051744
THRt2rpp,-1.16793336480027,1.16793336480027
THRt4pp,0,1.56611422632597
THRtex,-65.0524325352158,65.0524325352158
THRTRS,0,6.49944424566039
THYMt3pp,0,Inf
THYMtex,-65.0524325352158,65.0524325352158
THZPSN,0,1.45297067675135
TKT1,-8.19997129310904,8.19997129310904
TKT2,-8.19997129310904,8.19997129310904
TMAOR1,0,0.255796249011914
TMAOR1pp,0,0.471845208161578
TMAOR2,0,0.143778392721886
TMAOR2pp,0,0.471845208161578
TMAOtex,-65.0524325352158,65.0524325352158
TMAtex,-65.0524325352158,65.0524325352158
TMDK1,0,0.925329224088799
TMDPP,-6.64732364014779,6.64732364014779
TMDS,0,1.38364642740733
TMK,0,2.66554490649719
TMPK,0,0.567443358697110
TMPPP,0,6.03018038058612
TPI,-7.14485126612383,7.14485126612383
TPRDCOAS,0,0.189018257619175
TRDR,0,2.33267946966412
TRE6PH,0,0.323724646727838
TRE6PP,0,8.54257959650486
TRE6PS,0,4.64882283468301
TREH,0,0.780086178795353
TREHpp,0,11.6151249918848
TREptspp,0,0.994371970167824
TREtex,-65.0524325352158,65.0524325352158
TRPAS2,-12.5500463459806,12.5500463459806
TRPS1,0,5.88593666006412
TRPS2,0,5.88593666006412
TRPS3,0,5.88593666006412
TRPt2rpp,-6.47959002091182,6.47959002091182
TRPtex,-65.0524325352158,65.0524325352158
TRPTRS,0,2.73865398755687
TRSARr,-1.94706055818730,1.94706055818730
TSULabcpp,0,6.19378344701710
TSULtex,-65.0524325352158,65.0524325352158
TTDCAtexi,0,9.12838441242717
TTDCEAtexi,0,9.12838441242717
TUNGSabcpp,0,0.254736233276418
TUNGStex,-65.0524325352158,65.0524325352158
TYMtex,-65.0524325352158,65.0524325352158
TYROXDApp,0,0.109727439523488
TYRPpp,0,5.13051237693534
TYRPtex,-65.0524325352158,65.0524325352158
TYRt2rpp,-6.72861387083178,6.72861387083178
TYRTA,-10.2907918792405,10.2907918792405
TYRtex,-65.0524325352158,65.0524325352158
TYRTRS,0,2.31276642456436
U23GAAT,0,9.30824284821829
UAAGDS,0,0.665447328880213
UACGALPpp,0,3.01298046630528
UACGAMPpp,0,3.01298046630528
UACGAMtex,-65.0524325352158,65.0524325352158
UACMAMO,0,0.895284465237791
UAG2E,-0.547786587542955,0.547786587542955
UAGAAT,-7.10134345706030,7.10134345706030
UAGCVT,0,2.45341923517700
UAGDP,0,6.46443821059824
UAGPT3,0,0.689941637751778
UAMAGS,0,0.812350871988921
UAMAS,0,2.90091465799438
UAPGR,0,2.64467990301057
UDCPDP,0,4.11529838265146
UDCPDPpp,0,4.11529838265146
UDCPDPS,0,4.15708913989865
UDCPPtppi,0,Inf
UDPACGALtex,-65.0524325352158,65.0524325352158
UDPG4E,-3.83244999949532,3.83244999949532
UDPGALM,0,10.2618734752030
UDPGALPpp,0,3.01298046630528
UDPGALtex,-65.0524325352158,65.0524325352158
UDPGD,0,0.424729788385730
UDPGDC,0,0.549362061652815
UDPGLCURtex,-65.0524325352158,65.0524325352158
UDPGPpp,0,3.01298046630528
UDPGtex,-65.0524325352158,65.0524325352158
UDPKAAT,-1.39280632357176,1.39280632357176
UGLCURPpp,0,3.01298046630528
UGLT,-2.02643697458946,2.02643697458946
UGLYCH,0,0.210849964252918
UGMDDS,0,2.11684922658573
UHGADA,0,8.33801757913757
ULA4NFT,0,0.549362061652815
ULA4Ntppi,0,Inf
UM3PL,0,0.591540359758650
UM4PCP,0,0.786439432808178
UM4PL,0,0.591540359758650
UMPK,-13.5301427927956,13.5301427927956
UMPtex,-65.0524325352158,65.0524325352158
UNK3,0,Inf
UPLA4FNF,0,Inf
UPLA4FNT,0,0.668720434408094
UPP3MT,0,22.8746950336206
UPP3S,0,8.24368203765254
UPPDC1,0,3.40249867571175
UPPRT,0,2.92259044711391
URAt2pp,0,1.93773642820577
URAt2rpp,-13.9915092241537,13.9915092241537
URAtex,-65.0524325352158,65.0524325352158
URDGLYCD,0,0.277969150958996
UREAtex,-65.0524325352158,65.0524325352158
UREAtpp,-1.55040462981857,1.55040462981857
URIC,0,Inf
URIDK2r,-6.58992520987995,6.58992520987995
URIH,0,3.95663056616512
URIK2,0,1.62805763000483
URIt2pp,0,5.48731787373584
URIt2rpp,-0.266854098519806,0.266854098519806
URItex,-6.31572028881628,6.31572028881628
USHD,0,0.827431833496863
VALabcpp,0,1.92839810047499
VALt2rpp,-0.809975555751709,0.809975555751709
VALTA,-4.27986324135423,4.27986324135423
VALtex,-65.0524325352158,65.0524325352158
VALTRS,0,5.12701747267207
VPAMT,0,5.17981284021497
X5PL3E,0,0.816351453176515
XAND,0,0.181098496432919
XANt2pp,0,0.697392322746565
XANtex,-65.0524325352158,65.0524325352158
XANtpp,-Inf,Inf
XMPtex,-65.0524325352158,65.0524325352158
XPPT,0,0.903105898375303
XTSNH,0,1.77171309262153
XTSNt2rpp,-0.266854098519806,0.266854098519806
XTSNtex,-65.0524325352158,65.0524325352158
XYLabcpp,0,0.408482813345243
XYLI1,-0.970466210540561,0.970466210540561
XYLI2,-0.970466210540561,0.970466210540561
XYLK,0,1.72479777926182
XYLK2,0,0.556829123273507
XYLt2pp,0,0.275734782534741
XYLtex,-65.0524325352158,65.0524325352158
XYLUt2pp,0,0.117677909443866
XYLUtex,-65.0524325352158,65.0524325352158
ZN2abcpp,0,0.936027879752363
ZN2t3pp,0,8.66882413182880
Zn2tex,-65.0524325352158,65.0524325352158
ZN2tpp,0,2.41558707339259
ZNabcpp,0,0.235472982608568
Biomass,0,Inf
